id,uuid,observed_on_string,observed_on,time_observed_at,time_zone,user_id,user_login,user_name,created_at,updated_at,quality_grade,license,url,image_url,sound_url,tag_list,description,num_identification_agreements,num_identification_disagreements,captive_cultivated,oauth_application_id,place_guess,latitude,longitude,positional_accuracy,private_place_guess,private_latitude,private_longitude,public_positional_accuracy,geoprivacy,taxon_geoprivacy,coordinates_obscured,positioning_method,positioning_device,species_guess,scientific_name,common_name,iconic_taxon_name,taxon_id
1524760,1c1aed75-723b-4075-a79a-ccc5c08039ce,2015-03-18,2015-03-18,,Athens,103308,sophiet,,2015-05-22 14:39:31 UTC,2023-11-02 15:34:14 UTC,research,CC-BY-NC,http://www.inaturalist.org/observations/1524760,https://inaturalist-open-data.s3.amazonaws.com/photos/1889464/medium.jpg,,"","",6,0,false,62,"Ponta Delgada, PT-AC, PT",37.73333,-25.66667,,,,,,,,false,,,Portuguese Man o' War,Physalia physalis,Fragata portuguesa,Animalia,117302
6164579,011e0e02-b83e-4dd8-9892-8039288c0420,Wed May 10 2017 15:15:12 GMT+0000 (GMT),2017-05-10,2017-05-10 15:15:12 UTC,UTC,257324,kha,kha,2017-05-10 22:30:02 UTC,2023-11-02 15:33:00 UTC,research,CC-BY-NC,http://inaturalist.ca/observations/6164579,https://inaturalist-open-data.s3.amazonaws.com/photos/7730600/medium.jpg,,"",,3,0,false,3,"Oceano Atlântico, , , PT",37.718445,-25.48175,,,,,,,,false,,,Portuguese Man o' War,Physalia physalis,Fragata portuguesa,Animalia,117302
9346343,1a8054f7-1d26-4916-846a-a6f450ff63d1,2017/07/22 2:25 PM CEST,2017-07-22,2017-07-22 12:25:00 UTC,Paris,587819,bastiaan,Bastiaan Notebaert,2018-01-02 19:51:53 UTC,2025-07-06 04:32:27 UTC,research,CC-BY-NC,https://www.inaturalist.org/observations/9346343,https://inaturalist-open-data.s3.amazonaws.com/photos/12682982/medium.jpg,,"",,2,0,false,,,38.6674983074,-28.5562133789,14000,,,,14000,,,false,,,Portuguese Man o' War,Physalia physalis,Fragata portuguesa,Animalia,117302
11126754,4d0f9e00-6251-4193-ac19-fdb672668975,Wed Apr 18 2018 16:31:55 GMT+0000 (GMT),2018-04-18,2018-04-18 16:31:55 UTC,UTC,517125,kmmorri8,,2018-04-18 18:30:22 UTC,2023-11-02 15:29:57 UTC,research,,https://www.inaturalist.org/observations/11126754,https://static.inaturalist.org/photos/15734040/medium.jpg,,"",,5,0,false,3,"9900 Horta, Horta, Ilha do Faial, PT",38.5246044592,-28.6257947945,19,,,,19,,,false,,,Caravela-portuguesa,Physalia physalis,Fragata portuguesa,Animalia,117302
12756015,02b44718-628e-4126-ba01-66f43a8ed736,Sat May 06 2017 16:24:55 GMT-0400 (EDT),2017-05-06,2017-05-06 20:24:55 UTC,Eastern Time (US & Canada),975927,jwmaritime,,2018-05-24 00:50:18 UTC,2023-11-02 15:32:27 UTC,research,,https://www.inaturalist.org/observations/12756015,https://static.inaturalist.org/photos/18487240/medium.jpg,,"",,6,0,false,3,"Rua do Pasteleiro 70–100, , , PT",38.5253706217,-28.628323162,797,,,,797,,,false,,,Portuguese Man o' War,Physalia physalis,Fragata portuguesa,Animalia,117302
13984526,b9f90b88-feb3-4350-bb9f-5597c39e37d6,Sun Jul 01 2018 18:49:28 GMT+0000 (GMT),2018-07-01,2018-07-01 18:49:28 UTC,UTC,1056523,ksyudika,,2018-07-02 17:07:16 UTC,2023-11-02 15:29:39 UTC,research,,https://www.inaturalist.org/observations/13984526,https://static.inaturalist.org/photos/20679741/medium.jpg,,"",,5,0,false,3,"9600, Ribeira Grande, Остров Сан-Мигел, PT",37.8164188856,-25.5488283155,246,,,,246,,,false,,,Portuguese Man o' War,Physalia physalis,Fragata portuguesa,Animalia,117302
16964659,e7c70fea-d169-4f34-9a97-7197380b8a5c,2006/06/11 4:35 PM WEST,2006-06-11,2006-06-11 14:35:00 UTC,London,1092269,marioestevens,Mário Estevens,2018-09-27 15:22:08 UTC,2023-11-02 15:37:17 UTC,research,,https://www.inaturalist.org/observations/16964659,https://static.inaturalist.org/photos/25644539/medium.jpeg,,"",,5,0,false,,"Mosteiros, Portugal",37.8880117809,-25.8239081474,15,,,,15,,,false,,,Portuguese Man o' War,Physalia physalis,Fragata portuguesa,Animalia,117302
20371339,6c6a4af3-63ef-4e31-a712-9ebe408d971d,2015/07/15 10:25 AM WEST,2015-07-15,2015-07-15 09:25:00 UTC,Lisbon,1472938,jfortuna,João Fortuna,2019-02-15 21:32:39 UTC,2025-07-02 05:45:22 UTC,research,CC-BY,https://www.inaturalist.org/observations/20371339,https://inaturalist-open-data.s3.amazonaws.com/photos/31457892/medium.jpg,,"",,2,0,false,,,38.2512310273,-28.5556393698,10000,,,,10000,,,false,,,Portuguese Man o' War,Physalia physalis,Fragata portuguesa,Animalia,117302
20788678,3690a5f6-2dba-40c7-8996-5ffec738d4da,2016-06-03,2016-06-03,,UTC,1491087,biolojess,Jess Lindberg,2019-02-26 21:47:29 UTC,2025-07-02 01:19:50 UTC,research,,https://www.inaturalist.org/observations/20788678,https://static.inaturalist.org/photos/32060629/medium.jpg,,"",,6,0,false,2,"Horta, PT-AC, PT",38.5973219142,-28.8298214972,1052,,,,1052,,,false,gps,gps,Portuguese Man o' War,Physalia physalis,Fragata portuguesa,Animalia,117302
26988160,e3923a2d-921e-4b05-9d43-f3980674217f,2019-06-13 8:02:15 PM WEST,2019-06-13,2019-06-13 18:02:15 UTC,London,1767591,francesco305,Francesco De Rose,2019-06-14 22:10:43 UTC,2026-05-12 22:22:46 UTC,research,,https://www.inaturalist.org/observations/26988160,https://static.inaturalist.org/photos/41944324/medium.jpeg,,"",Dead,4,0,false,2,"9500 Sao Roque, Portogallo",37.7499771118,-25.6315727234,,,,,,,,false,gps,gps,Portuguese Man o' War,Physalia physalis,Fragata portuguesa,Animalia,117302
27561024,d71e16f1-d826-488b-a8d4-a6e6244022a6,2019-06-22 4:16:38 p.m. GMT+00:00,2019-06-22,2019-06-22 15:16:38 UTC,Edinburgh,1683846,lucbuffet,Luc Buffet,2019-06-24 11:04:46 UTC,2025-07-02 08:36:59 UTC,research,,https://www.inaturalist.org/observations/27561024,https://static.inaturalist.org/photos/42896249/medium.jpeg,,"",,6,0,false,2,"9680, Portugal",37.7158851624,-25.4714756012,,,,,,,,false,gps,gps,Portuguese Man o' War,Physalia physalis,Fragata portuguesa,Animalia,117302
29256451,dc6737d8-f0e6-42bd-86f8-e41943f0835c,Sun Jul 21 2019 17:52:31 GMT+0000 (GMT),2019-07-21,2019-07-21 17:52:31 UTC,UTC,1985533,tiaryrandretsanilo,Tiary Randretsanilo,2019-07-21 17:52:38 UTC,2023-11-02 15:25:56 UTC,research,,https://www.inaturalist.org/observations/29256451,https://static.inaturalist.org/photos/45649997/medium.jpg,,"",,4,0,false,3,"Avenida da Conceição, Velas, Île de São Jorge, PT",38.6792644796,-28.2063828783,24,,,,24,,,false,,,Portuguese Man o' War,Physalia physalis,Fragata portuguesa,Animalia,117302
29256939,0331e4d5-b751-4fb2-bada-e08ad8983339,Sun Jul 21 2019 17:52:30 GMT+0000 (GMT),2019-07-21,2019-07-21 17:52:30 UTC,UTC,1985533,tiaryrandretsanilo,Tiary Randretsanilo,2019-07-21 17:59:04 UTC,2023-11-02 15:26:01 UTC,research,,https://www.inaturalist.org/observations/29256939,https://static.inaturalist.org/photos/45650852/medium.jpg,,"",,3,0,false,3,"Avenida da Conceição, Velas, Île de São Jorge, PT",38.6792889499,-28.2065288716,32,,,,32,,,false,,,Portuguese Man o' War,Physalia physalis,Fragata portuguesa,Animalia,117302
30071974,7e126ec2-e1f7-483a-b6ce-6aa725d12079,Sat Jun 22 2019 12:50:00 GMT+0100 (GMT+1),2019-06-22,2019-06-22 10:50:00 UTC,Amsterdam,742102,tiagomiranda1998,Tiago Miranda,2019-08-02 23:30:02 UTC,2023-11-02 15:26:15 UTC,research,,https://www.inaturalist.org/observations/30071974,https://static.inaturalist.org/photos/46961284/medium.jpg,,"",,3,0,false,3,"Rua da Areia 36–40, Ponta Delgada, Ilha de São Miguel, PT",37.8886616667,-25.8245033333,6,,,,6,,,false,,,Portuguese Man o' War,Physalia physalis,Fragata portuguesa,Animalia,117302
30784930,252e0afb-f448-4f5c-80c1-4d5d04f67dfd,2019-08-13 10:46:32 da manhã AZOST,2019-08-13,2019-08-13 10:46:32 UTC,Azores,1033704,martalgms,"",2019-08-14 00:38:51 UTC,2023-11-02 15:26:23 UTC,research,,https://www.inaturalist.org/observations/30784930,https://static.inaturalist.org/photos/48115408/medium.jpeg,,"",,5,0,false,2,Portugal,38.557876922,-28.3885964379,263,,,,263,,,false,gps,gps,Portuguese Man o' War,Physalia physalis,Fragata portuguesa,Animalia,117302
35986281,281bf6a6-97d2-4be2-8cc0-df0f8b8fddbd,2017/05/11 9:17 AM WEST,2017-05-11,2017-05-11 08:17:00 UTC,Lisbon,741651,pedroandrade,Pedro Andrade,2019-11-23 19:02:10 UTC,2023-11-02 15:31:30 UTC,research,CC-BY-NC,https://www.inaturalist.org/observations/35986281,https://inaturalist-open-data.s3.amazonaws.com/photos/56822395/medium.jpeg,,"",,3,0,false,,"Azores, Portugal",38.5234860862,-28.6255046189,25,,,,25,,,false,,,Portuguese Man o' War,Physalia physalis,Fragata portuguesa,Animalia,117302
38754137,7e82f7bb-0fac-4497-a011-75c662f993e6,2018/01/21 4:17 PM CET,2018-01-21,2018-01-21 15:17:00 UTC,Paris,2579345,bieitorodrigues,Bieito Rodrigues,2020-02-17 15:19:53 UTC,2025-07-02 01:45:50 UTC,research,CC-BY-NC,https://www.inaturalist.org/observations/38754137,https://inaturalist-open-data.s3.amazonaws.com/photos/61643044/medium.png,,"",,5,0,false,,"Azores, Portugal",37.7170995079,-25.518132388,15,,,,15,,,false,,,Fragata portuguesa,Physalia physalis,Fragata portuguesa,Animalia,117302
39399036,a69fd03a-3a99-4584-aa82-02f9cb0e5a9e,Fri May 05 2017 18:54:57 GMT+0300 (GMT+3),2017-05-05,2017-05-05 15:54:57 UTC,Baghdad,2606950,alinaselezneva,Алина Селезнева,2020-03-01 11:30:40 UTC,2023-11-02 15:31:17 UTC,research,,https://www.inaturalist.org/observations/39399036,https://static.inaturalist.org/photos/62503298/medium.jpg,,"",,4,0,false,3,"Сан-Мигел, Ponta Delgada, Остров Сан-Мигел, PT",37.8883166667,-25.8240833333,,,,,,,,false,,,僧帽水母 (葡萄牙戰艦),Physalia physalis,Fragata portuguesa,Animalia,117302
40992505,169561cb-2ce7-4a4b-8f10-a66f83384695,Sat Mar 14 2020 06:47:21 GMT-0400 (EDT),2020-03-14,2020-03-14 10:47:21 UTC,Eastern Time (US & Canada),2509776,zschmolka,,2020-03-29 21:33:16 UTC,2026-06-03 00:55:27 UTC,research,CC-BY-NC,https://www.inaturalist.org/observations/40992505,https://inaturalist-open-data.s3.amazonaws.com/photos/65000254/medium.jpg,,"",,4,0,false,3,"North Atlantic Ocean, PT",37.6776608304,-25.3719561078,12643,,,,12643,,,false,,,Portuguese Man o' War,Physalia physalis,Fragata portuguesa,Animalia,117302
42339307,9dd4f8a9-9a20-4082-8f34-0e38bda4ed04,2019/07/17 2:27 PM -0300,2019-07-17,2019-07-17 17:27:00 UTC,Brasilia,2763382,thiago_chulao,Thiago Araujo,2020-04-16 20:25:34 UTC,2025-08-29 13:52:52 UTC,research,CC-BY-NC,https://www.inaturalist.org/observations/42339307,https://inaturalist-open-data.s3.amazonaws.com/photos/67221575/medium.jpg,,"",,8,0,false,,"9545 Bretanha, Portugal",37.8864099343,-25.8240878756,244,,,,244,,,false,,,Caravela-portuguesa-do-Atlântico,Physalia physalis,Fragata portuguesa,Animalia,117302
48054932,235c7579-15d3-447a-8ce9-7f4c9dd9f324,2019/06/14 2:31 PM WEST,2019-06-14,2019-06-14 13:31:00 UTC,Lisbon,2948832,crlourenco,"",2020-05-31 22:52:27 UTC,2025-06-29 13:32:57 UTC,research,CC-BY-NC,https://www.inaturalist.org/observations/48054932,https://inaturalist-open-data.s3.amazonaws.com/photos/76228441/medium.jpeg,,"",,5,0,false,,"9800 Velas, Portugal",38.6798154623,-28.2116192336,61,,,,61,,,false,,,Caravela-portuguesa,Physalia physalis,Fragata portuguesa,Animalia,117302
48055110,fae631fd-ac56-4d9f-87c3-8702496f2c13,2019/06/16 12:32 PM WEST,2019-06-16,2019-06-16 11:32:00 UTC,Lisbon,2948832,crlourenco,"",2020-05-31 22:54:00 UTC,2023-11-02 15:28:01 UTC,research,CC-BY-NC,https://www.inaturalist.org/observations/48055110,https://inaturalist-open-data.s3.amazonaws.com/photos/76228890/medium.jpeg,,"",,5,0,false,,"9900 Horta, Portugal",38.5241861,-28.625688,207,,,,207,,,false,,,Portugiesische Galeere,Physalia physalis,Fragata portuguesa,Animalia,117302
50147978,3ad8052f-d86a-4cf6-8f2b-0adab962cf64,2018-05-18 3:39:06 PM GMT+02:00,2018-05-18,2018-05-18 11:39:06 UTC,Pretoria,3145239,stefaniaventura1,Stefania Ventura,2020-06-19 13:37:03 UTC,2023-11-02 15:29:20 UTC,research,,https://www.inaturalist.org/observations/50147978,https://static.inaturalist.org/photos/79630747/medium.jpeg,,"",,4,0,false,2,"Ribeira Grande, PT-AC, PT",37.8279644813,-25.407749936,5297,,,,5297,,,false,gps,gps,Portuguese Man o' War,Physalia physalis,Fragata portuguesa,Animalia,117302
58527713,11e6185d-ba7c-4795-91c2-d31905aeddc5,2020-09-04 5:05:11 PM GMT+00:00,2020-09-04,2020-09-04 16:05:11 UTC,Lisbon,3388180,joanavieira,Couve,2020-09-04 18:17:40 UTC,2023-11-02 15:22:26 UTC,research,CC0,https://www.inaturalist.org/observations/58527713,https://inaturalist-open-data.s3.amazonaws.com/photos/93447985/medium.jpeg,,"",,5,0,false,2,"Ilha de Santa Maria, 9580, Portugal",36.9855322959,-25.0516347215,144,,,,144,,,false,gps,gps,Portuguese Man o' War,Physalia physalis,Fragata portuguesa,Animalia,117302
64297890,e96835a6-4d45-4bc8-836a-128093d64c76,2020-11-06 3:09:21 PM GMT-01:00,2020-11-06,2020-11-06 17:09:21 UTC,Cape Verde Is.,1412384,gheitz,Gregory Heitz,2020-11-06 16:10:08 UTC,2023-11-02 15:22:35 UTC,research,CC-BY-NC,https://www.inaturalist.org/observations/64297890,https://inaturalist-open-data.s3.amazonaws.com/photos/103349976/medium.jpeg,,"",,4,0,false,2,"Azores, Portugal",37.8167984997,-25.5489734997,,,,,,,,false,gps,gps,Portuguese Man o' War,Physalia physalis,Fragata portuguesa,Animalia,117302
69360517,adfe6710-105b-43d7-8fbf-0950f53c504a,2017/07/20 2:27 PM UTC,2017-07-20,2017-07-20 14:27:00 UTC,UTC,4011597,ilgiovo,,2021-02-10 10:57:24 UTC,2023-11-02 15:31:03 UTC,research,CC-BY-NC,https://www.inaturalist.org/observations/69360517,https://inaturalist-open-data.s3.amazonaws.com/photos/112518347/medium.jpeg,,"","",4,0,false,,"Santa Cruz das Flores, Portogallo",39.4585014137,-31.125859399,15,,,,15,,,false,,,Portuguese Man o' War,Physalia physalis,Fragata portuguesa,Animalia,117302
71715056,b1d6a998-85cc-4380-bbf6-4e5da1c19a9f,2021-03-05 5:01:45 PM GMT-01:00,2021-03-05,2021-03-05 19:01:45 UTC,Cape Verde Is.,4126344,telmafi,Telma Fi,2021-03-21 16:36:11 UTC,2023-11-02 15:16:50 UTC,research,,https://www.inaturalist.org/observations/71715056,https://static.inaturalist.org/photos/116803017/medium.jpeg,,"",Physalia physalis,4,0,false,2,"Santa Cruz - Jardim, 9970-303 Santa Cruz das Flores, Portugal",39.4507718692,-31.127540879,24,,,,24,,,false,gps,gps,Portuguese Man o' War,Physalia physalis,Fragata portuguesa,Animalia,117302
71729596,b26bd23b-4897-427c-b638-25205b5dca94,2021-03-17 6:14:56 PM GMT-01:00,2021-03-17,2021-03-17 20:14:56 UTC,Cape Verde Is.,2060932,sebeyes,Sébastien Lhoumeau,2021-03-21 19:02:54 UTC,2023-11-02 15:16:55 UTC,research,,https://www.inaturalist.org/observations/71729596,https://static.inaturalist.org/photos/116826727/medium.jpeg,,"",,4,0,false,2,"9700-030 Angra do Heroísmo, Portugal",38.6537879722,-27.2204569722,,,,,,,,false,gps,gps,Portuguese Man o' War,Physalia physalis,Fragata portuguesa,Animalia,117302
71900917,fac7a10a-df89-4f43-bc16-ef4ba0553709,Sat Jul 06 2019 15:23:29 GMT+0100 (GMT+1),2019-07-06,2019-07-06 13:23:29 UTC,Amsterdam,4133943,gatama,,2021-03-23 21:25:23 UTC,2023-11-02 15:28:18 UTC,research,CC-BY-NC,https://www.inaturalist.org/observations/71900917,https://inaturalist-open-data.s3.amazonaws.com/photos/117137305/medium.jpg,,"","",4,0,false,3,"Ilha de São Miguel, Ponta Delgada, Ilha de São Miguel, PT",37.858955,-25.85292,12,,,,12,,,false,,,Portuguese Man o' War,Physalia physalis,Fragata portuguesa,Animalia,117302
72520099,99ddb533-f3dd-4d31-9592-f2e79b2fff67,2021-03-31 8:37:36 AM GMT+00:00,2021-03-31,2021-03-31 07:37:36 UTC,Edinburgh,3458302,filipe37,Filipe Pires,2021-03-31 11:53:29 UTC,2023-01-11 10:54:50 UTC,research,,https://www.inaturalist.org/observations/72520099,https://static.inaturalist.org/photos/118252498/medium.jpeg,,"",,4,0,false,2,"São Roque - Poço Velho, 9500 São Roque, Portugal",37.7502820833,-25.6314661389,,,,,,,,false,gps,gps,Caravela-portuguesa,Physalia physalis,Fragata portuguesa,Animalia,117302
73287874,9a173ed8-b310-4352-8608-e0f0a5e6d89d,2020/05/02 5:10 PM CEST,2020-05-02,2020-05-02 15:10:00 UTC,Paris,4194908,juan-pascual,,2021-04-08 10:37:53 UTC,2023-01-06 10:45:58 UTC,research,CC-BY-NC,https://www.inaturalist.org/observations/73287874,https://inaturalist-open-data.s3.amazonaws.com/photos/119629174/medium.jpg,,"","",4,0,false,,"9700 Angra do Heroísmo, Portugal",38.6514730729,-27.2488808533,2135,,,,2135,,,false,,,Portuguese Man o' War,Physalia physalis,Fragata portuguesa,Animalia,117302
80117209,b3dcbf34-749d-4bf5-beb2-086a9e0856d0,2021-05-24 15:46:40,2021-05-24,2021-05-24 15:46:40 UTC,Azores,3169711,philippevoidrot,Philippe Voidrot,2021-05-24 15:47:11 UTC,2023-04-29 07:47:10 UTC,research,CC-BY,https://www.inaturalist.org/observations/80117209,https://static.inaturalist.org/photos/131284042/medium.jpeg,,"",,3,0,false,2,"Unnamed Road, 9900, Portugal",38.59190653,-28.82774766,4,,,,4,,,false,,,Portuguese Man o' War,Physalia physalis,Fragata portuguesa,Animalia,117302
81783223,04fe3564-41f5-4280-8a7b-6a7d2e9fee30,2021-06-05 18:23:08,2021-06-05,2021-06-05 18:23:08 UTC,UTC,2597203,miguel_guerreiro,Miguel,2021-06-05 23:10:24 UTC,2025-07-06 16:13:15 UTC,research,CC-BY-NC,https://www.inaturalist.org/observations/81783223,https://static.inaturalist.org/photos/134162565/medium.jpeg,,"",,1,0,false,2,"",38.62594001,-27.4129879,6,,,,6,,,false,,,Caravela-portuguesa-do-Atlântico,Physalia physalis,Fragata portuguesa,Animalia,117302
81944786,a379534d-dad1-4e43-ad4f-4aeb90098036,2021-06-04 18:17:52,2021-06-04,2021-06-04 18:17:52 UTC,Azores,3729846,ana_cudell,Ana Cudell,2021-06-06 22:59:32 UTC,2023-01-11 13:03:07 UTC,research,,https://www.inaturalist.org/observations/81944786,https://static.inaturalist.org/photos/134541165/medium.jpeg,,"",,4,0,false,2,Ilha das Flores,39.4476568298,-31.1939449981,10444,,,,10444,,,false,gps,gps,Caravela-portuguesa,Physalia physalis,Fragata portuguesa,Animalia,117302
84984038,ca529334-ad10-4744-b674-3080a0799e69,2021-06-29 15:00:11,2021-06-29,2021-06-29 15:00:11 UTC,Azores,4657500,observer_claudia,Claudia Goettsche,2021-06-29 15:42:55 UTC,2023-01-11 15:00:01 UTC,research,,https://www.inaturalist.org/observations/84984038,https://static.inaturalist.org/photos/139750136/medium.jpeg,,"",,4,0,false,2,"Horta, PT-AC, PT",38.5254824963,-28.6261210921,4,,,,4,,,false,,,Portuguese Man o' War,Physalia physalis,Fragata portuguesa,Animalia,117302
84984068,3f4e74bf-8810-4470-a28e-c225b973ed67,2021-06-29 15:04:39,2021-06-29,2021-06-29 15:04:39 UTC,Azores,4657500,observer_claudia,Claudia Goettsche,2021-06-29 15:43:14 UTC,2023-01-11 15:01:44 UTC,research,,https://www.inaturalist.org/observations/84984068,https://static.inaturalist.org/photos/139750168/medium.jpeg,,"",,4,0,false,2,"Horta, PT-AC, PT",38.525234722,-28.6260085542,4,,,,4,,,false,,,Portuguese Man o' War,Physalia physalis,Fragata portuguesa,Animalia,117302
84984095,a823a51e-140f-48b5-957a-19b205d57476,2021-06-29 15:06:44,2021-06-29,2021-06-29 15:06:44 UTC,Azores,4657500,observer_claudia,Claudia Goettsche,2021-06-29 15:43:23 UTC,2023-01-11 15:03:28 UTC,research,,https://www.inaturalist.org/observations/84984095,https://static.inaturalist.org/photos/139750198/medium.jpeg,,"",,4,0,false,2,"Horta, PT-AC, PT",38.525229761,-28.6259211001,7,,,,7,,,false,,,Portuguese Man o' War,Physalia physalis,Fragata portuguesa,Animalia,117302
84984130,c4fd7692-65b8-406c-8cf9-1dfa22119baf,2021-06-29 15:07:36,2021-06-29,2021-06-29 15:07:36 UTC,Azores,4657500,observer_claudia,Claudia Goettsche,2021-06-29 15:43:32 UTC,2023-01-11 15:05:04 UTC,research,,https://www.inaturalist.org/observations/84984130,https://static.inaturalist.org/photos/139750231/medium.jpeg,,"",,4,0,false,2,"Horta, PT-AC, PT",38.5251903212,-28.6259619634,4,,,,4,,,false,,,Portuguese Man o' War,Physalia physalis,Fragata portuguesa,Animalia,117302
84984196,7eacad23-6b78-4ff4-aabd-96e4b447d935,2021-06-29 15:10:06,2021-06-29,2021-06-29 15:10:06 UTC,Azores,4657500,observer_claudia,Claudia Goettsche,2021-06-29 15:43:42 UTC,2023-01-11 15:08:42 UTC,research,,https://www.inaturalist.org/observations/84984196,https://static.inaturalist.org/photos/139750255/medium.jpeg,,"",,4,0,false,2,"Horta, PT-AC, PT",38.5249554833,-28.625833818,9,,,,9,,,false,,,Portuguese Man o' War,Physalia physalis,Fragata portuguesa,Animalia,117302
84984227,bb6d8518-ef1f-4e75-8076-59d109bfd6a9,2021-06-29 15:11:30,2021-06-29,2021-06-29 15:11:30 UTC,Azores,4657500,observer_claudia,Claudia Goettsche,2021-06-29 15:43:52 UTC,2023-01-11 15:10:11 UTC,research,,https://www.inaturalist.org/observations/84984227,https://static.inaturalist.org/photos/139750332/medium.jpeg,,"",,4,0,false,2,"Horta, PT-AC, PT",38.5249768312,-28.6258703661,4,,,,4,,,false,,,Portuguese Man o' War,Physalia physalis,Fragata portuguesa,Animalia,117302
84984261,c58c7abe-a59e-42ec-9a27-ce81d9449451,2021-06-29 15:12:13,2021-06-29,2021-06-29 15:12:13 UTC,Azores,4657500,observer_claudia,Claudia Goettsche,2021-06-29 15:44:11 UTC,2023-01-11 15:26:45 UTC,research,,https://www.inaturalist.org/observations/84984261,https://static.inaturalist.org/photos/139750387/medium.jpeg,,"",,5,0,false,2,"Horta, PT-AC, PT",38.5249375894,-28.6258355826,4,,,,4,,,false,,,Portuguese Man o' War,Physalia physalis,Fragata portuguesa,Animalia,117302
84984297,b8a1bc2c-1633-4086-bcbe-b38e99d6b7ad,2021-06-29 15:12:45,2021-06-29,2021-06-29 15:12:45 UTC,Azores,4657500,observer_claudia,Claudia Goettsche,2021-06-29 15:44:27 UTC,2023-01-11 15:27:40 UTC,research,,https://www.inaturalist.org/observations/84984297,https://static.inaturalist.org/photos/139750427/medium.jpeg,,"",,5,0,false,2,"Horta, PT-AC, PT",38.5249296515,-28.6258359763,4,,,,4,,,false,,,Portuguese Man o' War,Physalia physalis,Fragata portuguesa,Animalia,117302
84984322,6271833c-5ac0-4ab2-8ef3-ac97703d5961,2021-06-29 15:15:03,2021-06-29,2021-06-29 15:15:03 UTC,Azores,4657500,observer_claudia,Claudia Goettsche,2021-06-29 15:44:36 UTC,2023-01-11 15:29:54 UTC,research,,https://www.inaturalist.org/observations/84984322,https://static.inaturalist.org/photos/139750462/medium.jpeg,,"",,4,0,false,2,"Horta, PT-AC, PT",38.5246881832,-28.6257500692,4,,,,4,,,false,,,Portuguese Man o' War,Physalia physalis,Fragata portuguesa,Animalia,117302
84984337,2e4c7e3c-7948-4af3-9577-55f26e22b376,2021-06-29 15:15:58,2021-06-29,2021-06-29 15:15:58 UTC,Azores,4657500,observer_claudia,Claudia Goettsche,2021-06-29 15:44:46 UTC,2023-01-11 15:36:50 UTC,research,,https://www.inaturalist.org/observations/84984337,https://static.inaturalist.org/photos/139750496/medium.jpeg,,"",,4,0,false,2,"Horta, PT-AC, PT",38.5246116616,-28.6257454675,4,,,,4,,,false,,,Portuguese Man o' War,Physalia physalis,Fragata portuguesa,Animalia,117302
84984351,441deb4d-3866-411c-a0aa-b998b13eece7,2021-06-29 15:18:17,2021-06-29,2021-06-29 15:18:17 UTC,Azores,4657500,observer_claudia,Claudia Goettsche,2021-06-29 15:44:55 UTC,2023-01-11 15:41:14 UTC,research,,https://www.inaturalist.org/observations/84984351,https://static.inaturalist.org/photos/139750533/medium.jpeg,,"",,4,0,false,2,"Horta, PT-AC, PT",38.5244300269,-28.6256274098,4,,,,4,,,false,,,Portuguese Man o' War,Physalia physalis,Fragata portuguesa,Animalia,117302
84984368,6870480d-7217-4763-bce0-272e7b05ea77,2021-06-29 15:20:14,2021-06-29,2021-06-29 15:20:14 UTC,Azores,4657500,observer_claudia,Claudia Goettsche,2021-06-29 15:45:06 UTC,2023-01-11 15:43:01 UTC,research,,https://www.inaturalist.org/observations/84984368,https://static.inaturalist.org/photos/139750578/medium.jpeg,,"",6,4,0,false,2,"Horta, PT-AC, PT",38.5242261478,-28.6255675035,4,,,,4,,,false,,,Portuguese Man o' War,Physalia physalis,Fragata portuguesa,Animalia,117302
84984391,7af880f7-e3c2-45e6-8e38-bd85cca57ca2,2021-06-29 15:24:03,2021-06-29,2021-06-29 15:24:03 UTC,Azores,4657500,observer_claudia,Claudia Goettsche,2021-06-29 15:45:18 UTC,2023-01-11 15:52:24 UTC,research,,https://www.inaturalist.org/observations/84984391,https://static.inaturalist.org/photos/139750620/medium.jpeg,,"",,4,0,false,2,"Horta, PT-AC, PT",38.5233404798,-28.6256042202,5,,,,5,,,false,,,Portuguese Man o' War,Physalia physalis,Fragata portuguesa,Animalia,117302
85341905,20a4fba9-263a-4f0a-89f9-492ef6181527,2021-07-02 14:29:53,2021-07-02,2021-07-02 14:29:53 UTC,Azores,4657500,observer_claudia,Claudia Goettsche,2021-07-02 15:01:36 UTC,2023-01-11 16:00:28 UTC,research,,https://www.inaturalist.org/observations/85341905,https://static.inaturalist.org/photos/140400529/medium.jpeg,,"",,6,0,false,2,"Horta, PT-AC, PT",38.5257791657,-28.6264075557,14,,,,14,,,false,,,Portuguese Man o' War,Physalia physalis,Fragata portuguesa,Animalia,117302
85341931,45d9b2a2-8c21-4284-bf5c-3df3bdabbb1f,2021-07-02 14:30:36,2021-07-02,2021-07-02 14:30:36 UTC,Azores,4657500,observer_claudia,Claudia Goettsche,2021-07-02 15:01:57 UTC,2023-01-11 16:02:20 UTC,research,,https://www.inaturalist.org/observations/85341931,https://static.inaturalist.org/photos/140400569/medium.jpeg,,"",,6,0,false,2,"Horta, PT-AC, PT",38.525662691,-28.6262439959,12,,,,12,,,false,,,Portuguese Man o' War,Physalia physalis,Fragata portuguesa,Animalia,117302
85341948,2a50dcf7-a896-4fdf-ace2-215d74a81992,2021-07-02 14:43:24,2021-07-02,2021-07-02 14:43:24 UTC,Azores,4657500,observer_claudia,Claudia Goettsche,2021-07-02 15:02:06 UTC,2023-01-11 16:04:18 UTC,research,,https://www.inaturalist.org/observations/85341948,https://static.inaturalist.org/photos/140400625/medium.jpeg,,"",,6,0,false,2,"Horta, PT-AC, PT",38.5236853912,-28.6256335443,5,,,,5,,,false,,,Portuguese Man o' War,Physalia physalis,Fragata portuguesa,Animalia,117302
85933846,f868ca2d-cf99-4582-b247-45b493437129,Wed Jun 30 2021 17:41:07 GMT+0000 (GMT),2021-06-30,2021-06-30 17:41:07 UTC,UTC,3512033,alaskantraveler,Joshua Sahara,2021-07-06 17:18:53 UTC,2023-01-11 16:28:07 UTC,research,,https://www.inaturalist.org/observations/85933846,https://static.inaturalist.org/photos/141476436/medium.jpg,,"","",6,0,false,3,"Flores Island, Lajes das Flores, Azores, PT",39.3745883333,-31.2121033333,5,,,,5,,,false,,,Portuguese Man o' War,Physalia physalis,Fragata portuguesa,Animalia,117302
86020817,88aec7dc-dde7-4595-8fb5-6f618e6ac916,2021-07-07 10:25:13,2021-07-07,2021-07-07 10:25:13 UTC,Azores,4657500,observer_claudia,Claudia Goettsche,2021-07-07 11:18:47 UTC,2023-01-11 16:32:22 UTC,research,,https://www.inaturalist.org/observations/86020817,https://static.inaturalist.org/photos/141637764/medium.jpeg,,"",,5,0,false,2,"Horta, PT-AC, PT",38.5258015763,-28.6263274946,7,,,,7,,,false,,,Portuguese Man o' War,Physalia physalis,Fragata portuguesa,Animalia,117302
87844841,1fed7b7e-5ff3-495f-b190-5c59b564597c,2021-07-20 10:13:16,2021-07-20,2021-07-20 10:13:16 UTC,Azores,4657500,observer_claudia,Claudia Goettsche,2021-07-20 12:46:00 UTC,2023-01-11 16:41:11 UTC,research,,https://www.inaturalist.org/observations/87844841,https://static.inaturalist.org/photos/144877147/medium.jpeg,,"",,4,0,false,2,"Horta, Portugal",38.5246475482,-28.625672872,4,,,,4,,,false,,,Portuguese Man o' War,Physalia physalis,Fragata portuguesa,Animalia,117302
87879108,da5631f1-d57e-4840-b660-29a88faad421,2021-07-20 15:36:34,2021-07-20,2021-07-20 14:36:34 UTC,Lisbon,2597203,miguel_guerreiro,Miguel,2021-07-20 17:27:08 UTC,2023-01-12 12:32:36 UTC,research,CC-BY-NC,https://www.inaturalist.org/observations/87879108,https://static.inaturalist.org/photos/144934146/medium.jpeg,,"",,5,0,false,2,"Aeródromo do Corvo, 9980 Corvo, Portugal",39.6727629139,-31.1215836927,96,,,,96,,,false,gps,gps,Portuguese Man o' War,Physalia physalis,Fragata portuguesa,Animalia,117302
88022992,54cc71cc-8597-4d34-a5d8-8d6daeef62e9,2021-07-21 14:33:58,2021-07-21,2021-07-21 13:33:58 UTC,Lisbon,2597203,miguel_guerreiro,Miguel,2021-07-21 18:37:48 UTC,2023-01-12 20:07:30 UTC,research,CC-BY-NC,https://www.inaturalist.org/observations/88022992,https://static.inaturalist.org/photos/145184781/medium.jpeg,,"",,2,0,false,2,"Corvo, PT-AC, PT",39.67223841,-31.12202351,8,,,,8,,,false,,,Caravela-portuguesa,Physalia physalis,Fragata portuguesa,Animalia,117302
89057390,5bf06321-1037-4946-a256-7f23bb08ce42,2021-07-29 09:38:42,2021-07-29,2021-07-29 09:38:42 UTC,Azores,4657500,observer_claudia,Claudia Goettsche,2021-07-29 13:44:45 UTC,2023-01-12 15:24:46 UTC,research,,https://www.inaturalist.org/observations/89057390,https://static.inaturalist.org/photos/147022629/medium.jpeg,,"",,3,0,false,2,"Horta, PT-AC, PT",38.5865331253,-28.5953166336,7,,,,7,,,false,gps,gps,Portuguese Man o' War,Physalia physalis,Fragata portuguesa,Animalia,117302
89091451,69a83426-c2c9-4a6a-8a04-5e12339b4ff4,2021-07-29 09:40:06,2021-07-29,2021-07-29 09:40:06 UTC,Azores,4729949,lojahorta_2021,LojaHorta 2021,2021-07-29 18:06:27 UTC,2023-01-12 15:39:01 UTC,research,,https://www.inaturalist.org/observations/89091451,https://static.inaturalist.org/photos/147080260/medium.jpeg,,"",,3,0,false,2,"Horta, PT-AC, PT",38.5864883333,-28.59523,7,,,,7,,,false,,,Portuguese Man o' War,Physalia physalis,Fragata portuguesa,Animalia,117302
89215494,ef90544b-8227-49a4-b182-680b8aa34016,2021-07-30 12:55:12,2021-07-30,2021-07-30 12:55:12 UTC,Azores,4657500,observer_claudia,Claudia Goettsche,2021-07-30 17:36:40 UTC,2023-01-12 15:55:58 UTC,research,,https://www.inaturalist.org/observations/89215494,https://static.inaturalist.org/photos/147303158/medium.jpeg,,"",,3,0,false,2,"Madalena, PT-AC, PT",38.3846312178,-28.437420018,8,,,,8,,,false,gps,gps,Portuguese Man o' War,Physalia physalis,Fragata portuguesa,Animalia,117302
89901727,bc5cb755-5d54-4711-8408-c2f224aa3a06,2021-08-02 12:39:08,2021-08-02,2021-08-02 12:39:08 UTC,Azores,4729949,lojahorta_2021,LojaHorta 2021,2021-08-04 13:28:55 UTC,2023-01-12 17:03:47 UTC,research,,https://www.inaturalist.org/observations/89901727,https://static.inaturalist.org/photos/148511062/medium.jpeg,,"",,2,0,false,2,"Madalena, PT-AC, PT",38.4132116667,-28.3808116667,11,,,,11,,,false,,,Caravela-portuguesa,Physalia physalis,Fragata portuguesa,Animalia,117302
90896103,3162eb8b-3e8a-4738-ac98-132cfd5383dd,2021-08-12 13:33:19,2021-08-12,2021-08-12 13:33:19 UTC,Azores,4657500,observer_claudia,Claudia Goettsche,2021-08-12 15:40:23 UTC,2023-01-17 14:38:18 UTC,research,,https://www.inaturalist.org/observations/90896103,https://static.inaturalist.org/photos/150271965/medium.jpeg,,"",,3,0,false,2,"Horta, PT-AC, PT",38.524072034,-28.6252190531,8,,,,8,,,false,,,Caravela-portuguesa,Physalia physalis,Fragata portuguesa,Animalia,117302
91244149,1c1fa35a-8b83-4be9-8096-d091acc05265,2021-08-01 10:30:00,2021-08-01,2021-08-01 10:30:00 UTC,UTC,4467820,r_merca,Roger Mercader preseguer,2021-08-15 12:10:37 UTC,2023-01-18 10:07:59 UTC,research,,https://www.inaturalist.org/observations/91244149,https://static.inaturalist.org/photos/150919023/medium.jpeg,,"",Foto feta per Miki Alsina ,6,0,false,2,"9960, Portugal",39.4872340246,-31.2571479008,3867,,,,3867,,,false,gps,gps,Caravela-portuguesa,Physalia physalis,Fragata portuguesa,Animalia,117302
91536640,760c934d-6951-44e6-8943-ca40e9f49e5e,2021-08-07 17:25:21,2021-08-07,2021-08-07 17:25:21 UTC,Azores,4729949,lojahorta_2021,LojaHorta 2021,2021-08-17 15:20:48 UTC,2025-12-19 14:08:39 UTC,research,,https://www.inaturalist.org/observations/91536640,https://static.inaturalist.org/photos/151431064/medium.jpeg,,"",,2,0,false,2,,38.5708499345,-28.2912801951,4,,,,4,,,false,gps,gps,Portuguese Man o' War,Physalia physalis,Fragata portuguesa,Animalia,117302
91789116,5d0bbfe3-733d-450f-aa23-b9040ddceb75,2019-05-09 18:23:06,2019-05-09,2019-05-09 18:23:06 UTC,Azores,4485047,joaoazs5,João Francisco,2021-08-19 22:10:41 UTC,2022-12-21 17:45:50 UTC,research,,https://www.inaturalist.org/observations/91789116,https://static.inaturalist.org/photos/151884828/medium.jpeg,,"",,5,0,false,2,"9700, Portugal",38.6755175,-27.3292015,,,,,,,,false,gps,gps,Caravela-portuguesa,Physalia physalis,Fragata portuguesa,Animalia,117302
92171449,38eb41ed-62e5-4dc0-8a8b-b6743b576468,2021-08-22 18:09:59,2021-08-22,2021-08-22 18:09:59 UTC,Azores,691165,pbeja65,Pedro Beja,2021-08-22 22:34:55 UTC,2025-08-18 20:39:28 UTC,research,CC-BY,https://www.inaturalist.org/observations/92171449,https://inaturalist-open-data.s3.amazonaws.com/photos/152569690/medium.jpeg,,"",,5,0,false,2,"Manhenha, Portugal",38.4103194997,-28.0374335997,,,,,,,,false,gps,gps,Portuguese Man o' War,Physalia physalis,Fragata portuguesa,Animalia,117302
92355705,4023486f-3212-4730-b8ba-ca0f2b0eb375,2021-08-16 15:55:42,2021-08-16,2021-08-16 15:55:42 UTC,Azores,4657500,observer_claudia,Claudia Goettsche,2021-08-24 13:41:42 UTC,2025-06-29 18:19:23 UTC,research,,https://www.inaturalist.org/observations/92355705,https://static.inaturalist.org/photos/152909830/medium.jpeg,,"",,3,0,false,2,,38.6894157153,-28.6709093302,4,,,,4,,,false,gps,gps,Portuguese Man o' War,Physalia physalis,Fragata portuguesa,Animalia,117302
93157518,d5418b24-f637-4d14-b105-1b56802f67a0,2021-08-24 14:02:31,2021-08-24,2021-08-24 13:02:31 UTC,Lisbon,1033704,martalgms,"",2021-08-31 15:20:13 UTC,2023-01-18 14:58:24 UTC,research,,https://www.inaturalist.org/observations/93157518,https://static.inaturalist.org/photos/154358430/medium.jpeg,,"",,5,0,false,2,"Aeródromo do Corvo, 9980 Corvo, Portugal",39.672443173,-31.1217064038,44,,,,44,,,false,gps,gps,Portuguese Man o' War,Physalia physalis,Fragata portuguesa,Animalia,117302
93463029,9288521c-a65e-4672-b62f-b5b1aa4ba3f9,2021/06/22 10:05 AM UTC,2021-06-22,2021-06-22 10:05:00 UTC,UTC,4946124,rjtizard,,2021-09-03 12:30:43 UTC,2026-03-20 09:47:12 UTC,research,CC-BY,https://www.inaturalist.org/observations/93463029,https://inaturalist-open-data.s3.amazonaws.com/photos/154909392/medium.jpeg,,"",,4,0,false,,"Ponta Delgada, PT-AC, PT",37.8510711779,-25.8735235843,977,,,,977,,,false,,,Portuguese Man o' War,Physalia physalis,Fragata portuguesa,Animalia,117302
93463030,eea5e8b2-157d-4a9e-87f2-ea161bf800d8,2021/06/22 10:01 AM UTC,2021-06-22,2021-06-22 10:01:00 UTC,UTC,4946124,rjtizard,,2021-09-03 12:30:43 UTC,2026-03-20 09:47:12 UTC,research,CC-BY,https://www.inaturalist.org/observations/93463030,https://inaturalist-open-data.s3.amazonaws.com/photos/154909386/medium.jpeg,,"",,4,0,false,,"Ponta Delgada, PT-AC, PT",37.8565699426,-25.873959068,977,,,,977,,,false,,,Portuguese Man o' War,Physalia physalis,Fragata portuguesa,Animalia,117302
93463031,334baced-f66c-4927-a3e9-b2adae9486ce,2021/06/22 10:01 AM UTC,2021-06-22,2021-06-22 10:01:00 UTC,UTC,4946124,rjtizard,,2021-09-03 12:30:44 UTC,2026-03-20 09:47:12 UTC,research,CC-BY,https://www.inaturalist.org/observations/93463031,https://inaturalist-open-data.s3.amazonaws.com/photos/154909376/medium.jpeg,,"",,4,0,false,,"Ponta Delgada, PT-AC, PT",37.8544402535,-25.8679974148,977,,,,977,,,false,,,Portuguese Man o' War,Physalia physalis,Fragata portuguesa,Animalia,117302
96697445,71b9e150-4066-4611-ad97-3a372e90f8c5,2021-09-30 16:41:58,2021-09-30,2021-09-30 16:41:58 UTC,Azores,4100491,drzenuno,JoseNuno GomesPereira,2021-09-30 16:42:51 UTC,2023-01-19 16:20:11 UTC,research,,https://www.inaturalist.org/observations/96697445,https://static.inaturalist.org/photos/160682566/medium.jpeg,,"",,5,0,false,2,Portugal,38.6005750042,-28.5967633501,4,,,,4,,,false,gps,gps,Portuguese Man o' War,Physalia physalis,Fragata portuguesa,Animalia,117302
97581326,0ecd5404-4ada-4384-98df-d4fe3d71be79,2020/08/19 4:39 PM BST,2020-08-19,2020-08-19 15:39:00 UTC,Edinburgh,5019726,j_orfao,Josué Orfão,2021-10-08 20:42:15 UTC,2023-01-06 15:07:19 UTC,research,CC-BY-NC,https://www.inaturalist.org/observations/97581326,https://static.inaturalist.org/photos/162305014/medium.jpeg,,"",,3,0,false,,"Prainha, Portugal",38.4773111111,-28.2046666667,5,,,,5,,,false,,,Portuguese Man o' War,Physalia physalis,Fragata portuguesa,Animalia,117302
101776443,31733708-e1eb-4b86-9667-8f508ef728f4,2021/11/23 6:47 PM GMT,2021-11-23,2021-11-23 18:47:00 UTC,Edinburgh,5224085,martinhoreis,Martinho,2021-11-23 18:48:54 UTC,2023-01-20 14:47:11 UTC,research,CC-BY-NC,https://www.inaturalist.org/observations/101776443,https://inaturalist-open-data.s3.amazonaws.com/photos/170007538/medium.jpg,,"",,6,0,false,,"Lagoa, Portugal",37.7423065236,-25.5874951194,15,,,,15,,,false,,,Caravela-portuguesa,Physalia physalis,Fragata portuguesa,Animalia,117302
104486361,7b034c9c-696e-4c6e-b5ab-4f757155bd2f,2020/07/29 8:24 PM WEST,2020-07-29,2020-07-29 19:24:00 UTC,Lisbon,5291838,claudiarodrigues,Cláudia Rodrigues,2022-01-06 22:30:56 UTC,2023-01-06 15:39:53 UTC,research,CC-BY-NC,https://www.inaturalist.org/observations/104486361,https://inaturalist-open-data.s3.amazonaws.com/photos/175085482/medium.jpg,,"",,6,0,false,,"Horta, Ilha do Faial, Açores, Portugal",38.5248191,-28.6257208,220,,,,220,,,false,,,Caravela-portuguesa,Physalia physalis,Fragata portuguesa,Animalia,117302
105270220,279e69e5-4366-4ac3-b497-48f2dbeb2ff1,2022-01-20 17:30:07,2022-01-20,2022-01-20 17:30:07 UTC,Lisbon,2597203,miguel_guerreiro,Miguel,2022-01-20 17:30:34 UTC,2023-01-23 16:47:52 UTC,research,CC-BY-NC,https://www.inaturalist.org/observations/105270220,https://static.inaturalist.org/photos/176590705/medium.jpeg,,"",,4,0,false,2,"9700-030 Angra do Heroísmo, Portugal",38.65399518,-27.22018373,10,,,,10,,,false,,,Portuguese Man o' War,Physalia physalis,Fragata portuguesa,Animalia,117302
105832172,3f4803cd-4fbd-4717-934e-d69b6f1b10fa,2022-01-30 10:17:00,2022-01-30,2022-01-30 11:17:00 UTC,Azores,5226027,alvaro_depm,Álvaro de Paz Manovel,2022-01-30 11:41:24 UTC,2023-01-24 12:18:32 UTC,research,,https://www.inaturalist.org/observations/105832172,https://static.inaturalist.org/photos/177663660/medium.jpeg,,"",,9,0,false,2,"Ribeira Grande - Toyota, 9600 Ribeira Grande, Portugal",37.8225232934,-25.5280446634,50,,,,50,,,false,gps,gps,Caravela-portuguesa,Physalia physalis,Fragata portuguesa,Animalia,117302
107052083,f312dfaa-52de-4ba3-ba4e-340d95ce5506,2008/06/28 7:34 PM BST,2008-06-28,2008-06-28 18:34:00 UTC,Edinburgh,4090202,thijsvalkenburg,Thijs Valkenburg,2022-02-19 18:51:07 UTC,2022-12-06 15:52:54 UTC,research,CC-BY-NC,https://www.inaturalist.org/observations/107052083,https://inaturalist-open-data.s3.amazonaws.com/photos/179970127/medium.jpg,,"",,5,0,false,,"Açores, Portugal",37.7932113121,-25.3132552598,18927,,,,18927,,,false,,,Caravela-portuguesa,Physalia physalis,Fragata portuguesa,Animalia,117302
107053141,c61170bd-9d18-4b1d-bceb-ae49d638c0ec,2009/05/02 12:27 PM BST,2009-05-02,2009-05-02 11:27:00 UTC,Edinburgh,4090202,thijsvalkenburg,Thijs Valkenburg,2022-02-19 19:05:19 UTC,2022-12-06 16:20:08 UTC,research,CC-BY-NC,https://www.inaturalist.org/observations/107053141,https://inaturalist-open-data.s3.amazonaws.com/photos/179972400/medium.jpg,,"",,6,0,false,,"Açores, Portugal",39.6904464157,-31.1019213697,1429,,,,1429,,,false,,,Caravela-portuguesa,Physalia physalis,Fragata portuguesa,Animalia,117302
109362500,b4c096b8-ebe7-4966-9022-58d8e775a0ea,2022-03-24 10:42:56,2022-03-24,2022-03-24 11:42:56 UTC,Azores,4100491,drzenuno,JoseNuno GomesPereira,2022-03-24 11:46:55 UTC,2023-01-24 14:51:13 UTC,research,,https://www.inaturalist.org/observations/109362500,https://static.inaturalist.org/photos/184310673/medium.jpeg,,"",24 porto ribeirinha ,6,0,false,2,"9900, Portugal",38.5915641667,-28.5998058056,,,,,,,,false,gps,gps,Portuguese Man o' War,Physalia physalis,Fragata portuguesa,Animalia,117302
109996976,f0bea27c-4c3d-4dea-bf7f-c1fce6d3dfd9,2022-03-31 10:45:40,2022-03-31,2022-03-31 10:45:40 UTC,Azores,4100491,drzenuno,JoseNuno GomesPereira,2022-03-31 10:49:41 UTC,2023-01-24 14:58:19 UTC,research,,https://www.inaturalist.org/observations/109996976,https://static.inaturalist.org/photos/185488957/medium.jpeg,,"",,4,0,false,2,Portugal,38.4772758333,-28.7431983889,,,,,,,,false,gps,gps,Portuguese Man o' War,Physalia physalis,Fragata portuguesa,Animalia,117302
110983191,6fc0dbb0-ad07-408a-9dbb-82d1d00892ac,2022-04-10 17:24:49,2022-04-10,2022-04-10 17:24:49 UTC,Azores,4100491,drzenuno,JoseNuno GomesPereira,2022-04-10 17:26:12 UTC,2023-01-24 15:04:25 UTC,research,,https://www.inaturalist.org/observations/110983191,https://static.inaturalist.org/photos/187304041/medium.jpeg,,"",,4,0,false,2,"9900-038 Horta, Portugal",38.5251235833,-28.63685225,,,,,,,,false,gps,gps,Portuguese Man o' War,Physalia physalis,Fragata portuguesa,Animalia,117302
111074615,c7e53ab1-908f-4815-b803-0cad07657d67,2022-04-09 10:25:09,2022-04-09,2022-04-09 10:25:09 UTC,Azores,5277747,dscatarino,Diana Catarino,2022-04-11 08:52:51 UTC,2024-01-20 09:01:38 UTC,research,CC-BY-NC,https://www.inaturalist.org/observations/111074615,https://inaturalist-open-data.s3.amazonaws.com/photos/187464202/medium.jpeg,,"","Porto Pim, more than 100 in the whole beach",5,0,false,2,"Horta, Portugal",38.5241667,-28.6255005997,,,,,,,,false,gps,gps,Portuguese Man o' War,Physalia physalis,Fragata portuguesa,Animalia,117302
111185612,1849ece3-6527-4477-8a85-5e49e1a451d0,2022-04-12 11:04:04,2022-04-12,2022-04-12 11:04:04 UTC,Azores,4100491,drzenuno,JoseNuno GomesPereira,2022-04-12 11:07:44 UTC,2023-01-24 15:35:18 UTC,research,,https://www.inaturalist.org/observations/111185612,https://static.inaturalist.org/photos/187667655/medium.jpeg,,"",,3,0,false,2,"São Roque do Pico, PT-AC, PT",38.5805320556,-28.3823623611,,,,,,,,false,gps,gps,Portuguese Man o' War,Physalia physalis,Fragata portuguesa,Animalia,117302
111291249,34abb716-25b0-4df3-8e42-699bd87b6cbf,2022-04-13 09:54:58,2022-04-13,2022-04-13 09:54:58 UTC,UTC,4710266,giseladionisio,Gisela Dionisio,2022-04-13 10:00:11 UTC,2023-01-24 16:09:03 UTC,research,CC-BY-NC,https://www.inaturalist.org/observations/111291249,https://inaturalist-open-data.s3.amazonaws.com/photos/187859380/medium.jpeg,,"",58 animais praia almoxarife Bruford 4 classe abaixo dos 2 15cm. vento sudoeste,3,0,false,2,"Fundo Da Praia, 9900 Praia do Almoxarife, Portugal",38.5553534061,-28.6100329086,171,,,,171,,,false,gps,gps,Portuguese Man o' War,Physalia physalis,Fragata portuguesa,Animalia,117302
111501668,24568746-08a1-476f-9b25-3ee6920a7628,2022-04-15 09:41:07,2022-04-15,2022-04-15 09:41:07 UTC,Azores,1546134,luisay,Luisa Yokochi,2022-04-15 09:45:15 UTC,2023-01-24 16:38:45 UTC,research,,https://www.inaturalist.org/observations/111501668,https://static.inaturalist.org/photos/188237353/medium.jpeg,,"",,4,0,false,2,"R. de São Pedro Pico Island, 9930 Lajes do Pico, Portugal",38.3914465998,-28.2519087195,9,,,,9,,,false,gps,gps,Portuguese Man o' War,Physalia physalis,Fragata portuguesa,Animalia,117302
111535939,fd50016f-cf33-47d1-a2a6-d7becb7e1eaa,2022-04-15 15:38:52,2022-04-15,2022-04-15 14:38:52 UTC,Lisbon,5264192,monbrr9,"",2022-04-15 16:46:52 UTC,2023-01-30 20:09:02 UTC,research,CC-BY-NC,https://www.inaturalist.org/observations/111535939,https://inaturalist-open-data.s3.amazonaws.com/photos/188297020/medium.jpeg,,"",,4,0,false,2,"Horta, PT-AC, PT",38.5241010964,-28.6255978155,4,,,,4,,,false,,,Portuguese Man o' War,Physalia physalis,Fragata portuguesa,Animalia,117302
111535999,d62b6d4f-8c52-46d4-afd3-7119a78c86ef,2022-04-15 15:41:27,2022-04-15,2022-04-15 14:41:27 UTC,Lisbon,5264192,monbrr9,"",2022-04-15 16:47:11 UTC,2023-01-30 20:09:13 UTC,research,CC-BY-NC,https://www.inaturalist.org/observations/111535999,https://inaturalist-open-data.s3.amazonaws.com/photos/188297106/medium.jpeg,,"",,4,0,false,2,"Horta, PT-AC, PT",38.5247160938,-28.6259001209,14,,,,14,,,false,,,Portuguese Man o' War,Physalia physalis,Fragata portuguesa,Animalia,117302
111566793,db7b437a-ef04-4749-ab47-1b6f907e49db,2022-04-15 20:15:43,2022-04-15,2022-04-15 20:15:43 UTC,Azores,3097208,maranapal,María Napal,2022-04-15 20:49:55 UTC,2024-04-16 16:18:28 UTC,research,,https://www.inaturalist.org/observations/111566793,https://static.inaturalist.org/photos/188352187/medium.jpeg,,"",,5,0,false,2,"Lagoa, Portugal",37.744253,-25.594272,,,,,,,,false,gps,gps,Portuguese Man o' War,Physalia physalis,Fragata portuguesa,Animalia,117302
111988197,ca564c15-0eb8-4376-aa1a-a8d41dcdd5da,Mon Apr 18 2022 10:46:32 GMT+0000 (GMT),2022-04-18,2022-04-18 09:46:32 UTC,Edinburgh,3233727,richbillington,Rich Billington,2022-04-18 23:52:00 UTC,2023-01-25 12:13:56 UTC,research,CC-BY-NC,https://www.inaturalist.org/observations/111988197,https://inaturalist-open-data.s3.amazonaws.com/photos/189118129/medium.jpg,,"",,5,0,false,3,"São Miguel Island, Ponta Delgada, PT",37.8889552768,-25.8251983368,60,,,,60,,,false,,,Portuguese Man o' War,Physalia physalis,Fragata portuguesa,Animalia,117302
112142812,2c3a9b63-fba2-4f60-8b06-cc622b9d0626,Wed Apr 20 2022 12:27:11 GMT+0000 (GMT),2022-04-20,2022-04-20 12:27:11 UTC,Azores,3233727,richbillington,Rich Billington,2022-04-20 12:27:28 UTC,2022-04-23 08:19:30 UTC,research,CC-BY-NC,https://www.inaturalist.org/observations/112142812,https://inaturalist-open-data.s3.amazonaws.com/photos/189409001/medium.jpg,,"",,4,0,false,3,"São Miguel Island, Nordeste, Azores, PT",37.8451664986,-25.1469899213,20,,,,20,,,false,,,Portuguese Man o' War,Physalia physalis,Fragata portuguesa,Animalia,117302
113363050,10c8141b-8365-4e96-b228-e86315935080,2022-04-29 11:11:54,2022-04-29,2022-04-29 11:11:54 UTC,Azores,820284,joo23,João Simões,2022-04-29 11:12:29 UTC,2023-01-25 12:45:28 UTC,research,,https://www.inaturalist.org/observations/113363050,https://static.inaturalist.org/photos/191543477/medium.jpeg,,"",,4,0,false,2,"9500 São Roque, Portugal",37.75055346,-25.62313357,3,,,,3,,,false,,,Portuguese Man o' War,Physalia physalis,Fragata portuguesa,Animalia,117302
113580934,3145040f-7eff-4005-9010-0ff3e67cea6d,2022-04-29 18:52:21,2022-04-29,2022-04-29 18:52:21 UTC,Azores,5277747,dscatarino,Diana Catarino,2022-04-29 22:11:38 UTC,2024-01-20 08:57:46 UTC,research,CC-BY-NC,https://www.inaturalist.org/observations/113580934,https://inaturalist-open-data.s3.amazonaws.com/photos/191879342/medium.jpeg,,"",>1000,4,0,false,2,"Salgueirinha, 9900 Feteira, Portugal",38.5234431,-28.6731103,,,,,,,,false,gps,gps,Caravela-portuguesa,Physalia physalis,Fragata portuguesa,Animalia,117302
114185557,9197a595-701f-420e-ade2-b4eb3e6bdb63,2022-05-01 12:18:24,2022-05-01,2022-05-01 12:18:24 UTC,Azores,4100491,drzenuno,JoseNuno GomesPereira,2022-05-01 12:20:58 UTC,2023-01-25 14:07:45 UTC,research,,https://www.inaturalist.org/observations/114185557,https://static.inaturalist.org/photos/192850584/medium.jpeg,,"",,2,0,false,2,"Alto Da Ribeirinha, 9900 Castelo Branco, Portugal",38.5234413056,-28.7046756667,,,,,,,,false,gps,gps,Portuguese Man o' War,Physalia physalis,Fragata portuguesa,Animalia,117302
115748566,c20c94b4-1f62-41d6-b330-a6e7bb450c86,2022-05-06 15:54:14,2022-05-06,2022-05-06 15:54:14 UTC,Azores,1800514,milan41,Milan Bárta,2022-05-06 16:04:17 UTC,2023-01-25 14:07:10 UTC,research,,https://www.inaturalist.org/observations/115748566,https://static.inaturalist.org/photos/195357959/medium.jpeg,,"",,5,0,false,2,Portugal,38.653752256,-27.2194704786,4,,,,4,,,false,gps,gps,Portuguese Man o' War,Physalia physalis,Fragata portuguesa,Animalia,117302
115899949,4362297d-74bc-4a7d-b177-40ff6e77428a,2022-05-07 12:12:26,2022-05-07,2022-05-07 12:12:26 UTC,Azores,5277747,dscatarino,Diana Catarino,2022-05-07 13:27:14 UTC,2024-01-20 08:54:18 UTC,research,CC-BY-NC,https://www.inaturalist.org/observations/115899949,https://inaturalist-open-data.s3.amazonaws.com/photos/195603993/medium.jpeg,,"",,4,0,false,2,"Varadouro, Capelo, Faial Island, 9900, Portugal",38.564131,-28.7753289,,,,,,,,false,gps,gps,Portuguese Man o' War,Physalia physalis,Fragata portuguesa,Animalia,117302
115900068,33609ae6-21a9-41ac-956a-567d54f4fc81,2022-05-07 10:45:31,2022-05-07,2022-05-07 10:45:31 UTC,Azores,5277747,dscatarino,Diana Catarino,2022-05-07 13:27:55 UTC,2024-01-20 08:54:04 UTC,research,CC-BY-NC,https://www.inaturalist.org/observations/115900068,https://inaturalist-open-data.s3.amazonaws.com/photos/195604125/medium.jpeg,,"",,3,0,false,2,"Poça da Rainha, 9900-361 Feteira, Portugal",38.5228911,-28.6687733997,,,,,,,,false,gps,gps,Portuguese Man o' War,Physalia physalis,Fragata portuguesa,Animalia,117302
116390224,8d87d255-0303-4f84-ac2c-b3e343fd81fd,2022-05-08 16:03:46,2022-05-08,2022-05-08 16:03:46 UTC,Azores,4834381,joao_bernardo1,João Bernardo Barreiros,2022-05-10 07:44:15 UTC,2023-01-25 15:03:59 UTC,research,,https://www.inaturalist.org/observations/116390224,https://static.inaturalist.org/photos/196468382/medium.jpeg,,"",,4,0,false,2,Portugal,38.6536535465,-27.2314894572,184,,,,184,,,false,gps,gps,Portuguese Man o' War,Physalia physalis,Fragata portuguesa,Animalia,117302
117208117,c13c2841-109c-4500-a313-8e7398f71f9b,2022-05-14 17:32:35,2022-05-14,2022-05-14 17:32:35 UTC,Azores,5277747,dscatarino,Diana Catarino,2022-05-15 21:00:44 UTC,2024-01-20 08:52:22 UTC,research,CC-BY-NC,https://www.inaturalist.org/observations/117208117,https://inaturalist-open-data.s3.amazonaws.com/photos/197918006/medium.jpeg,,"",,5,0,false,2,"Salgueirinha, 9900 Feteira, Portugal",38.5236811997,-28.6718380997,,,,,,,,false,gps,gps,Portuguese Man o' War,Physalia physalis,Fragata portuguesa,Animalia,117302
117208580,a1bfe884-8575-4688-aeff-70d765809b2f,2022-05-14 17:51:47,2022-05-14,2022-05-14 17:51:47 UTC,Azores,5277747,dscatarino,Diana Catarino,2022-05-15 21:03:35 UTC,2024-01-20 08:51:56 UTC,research,CC-BY-NC,https://www.inaturalist.org/observations/117208580,https://inaturalist-open-data.s3.amazonaws.com/photos/197918847/medium.jpeg,,"",,5,0,false,2,"Rua Da Igreja, 61, Cedros, Horta, 9900 Feteira, Portugal",38.5230774997,-28.6742224997,,,,,,,,false,gps,gps,Portuguese Man o' War,Physalia physalis,Fragata portuguesa,Animalia,117302
117417645,e9e95da6-f916-4680-92cd-af5c87c7ce06,2022-05-16 17:15:50Z,2022-05-16,2022-05-16 17:15:50 UTC,Azores,5687562,davi_davi,Iain Davidson,2022-05-17 06:38:42 UTC,2023-01-25 16:01:56 UTC,research,,https://www.inaturalist.org/observations/117417645,https://static.inaturalist.org/photos/198301086/medium.jpg,,"","",4,0,false,3,"São Miguel Island, Ponta Delgada, Azores, PT",37.8591083333,-25.8526783333,5,,,,5,,,false,,,Fragata portuguesa,Physalia physalis,Fragata portuguesa,Animalia,117302
117835498,a27419f1-09fc-48e9-952c-915e250b05d5,2022-05-20 08:19:20,2022-05-20,2022-05-20 08:19:20 UTC,Azores,3157421,paulo175,Paulo Canaveira,2022-05-20 08:23:16 UTC,2023-01-25 16:14:00 UTC,research,,https://www.inaturalist.org/observations/117835498,https://static.inaturalist.org/photos/199042307/medium.jpeg,,"",,3,0,false,2,"Horta, Portugal",38.5259983333,-28.626825,10,,,,10,,,false,,,Portuguese Man o' War,Physalia physalis,Fragata portuguesa,Animalia,117302
117897292,0aad67b2-2081-48cd-b20d-a749692050d4,2022-05-20 18:24:23,2022-05-20,2022-05-20 18:24:23 UTC,Azores,3452630,amandined,Deligey,2022-05-20 18:25:22 UTC,2023-01-25 16:13:44 UTC,research,CC-BY-NC,https://www.inaturalist.org/observations/117897292,https://inaturalist-open-data.s3.amazonaws.com/photos/199145864/medium.jpeg,,"",,4,0,false,2,"Santa Cruz - Jardim, 9970-303 Santa Cruz das Flores, Portugal",39.450712,-31.127514,,,,,,,,false,gps,gps,Portuguese Man o' War,Physalia physalis,Fragata portuguesa,Animalia,117302
118062167,d138f3b5-a4de-47f5-a0c2-cc4407b62421,2022-05-21 17:43:56,2022-05-21,2022-05-21 17:43:56 UTC,Azores,2089071,gmmarques,GMarques,2022-05-21 19:46:57 UTC,2023-01-25 16:21:56 UTC,research,CC0,https://www.inaturalist.org/observations/118062167,https://inaturalist-open-data.s3.amazonaws.com/photos/199435379/medium.jpeg,,"",,4,0,false,2,"9900, Portugal",38.592,-28.8277555556,,,,,,,,false,gps,gps,Portuguese Man o' War,Physalia physalis,Fragata portuguesa,Animalia,117302
118496341,c45c50e0-2fe3-4c26-94ad-0b9330684e5e,Tue May 24 2022 10:31:47 GMT +0000 (GMT),2022-05-24,2022-05-24 10:31:47 UTC,Azores,4729401,ole-frederiksen,,2022-05-24 10:33:01 UTC,2023-01-25 16:35:28 UTC,research,CC-BY-NC,https://www.inaturalist.org/observations/118496341,https://inaturalist-open-data.s3.amazonaws.com/photos/200223452/medium.jpeg,,"",,3,0,false,333,Lagoa,37.7143173218,-25.5155487061,47,,,,47,,,false,,,Portuguese Man o' War,Physalia physalis,Fragata portuguesa,Animalia,117302
118769195,d1f44770-39c0-4e52-9f87-2646df2e6a73,2022-05-26 10:41:50Z,2022-05-26,2022-05-26 10:41:50 UTC,Azores,1898083,charlotte222,Charlotte Bæk Mogensen,2022-05-26 12:05:11 UTC,2023-01-26 08:18:04 UTC,research,,https://www.inaturalist.org/observations/118769195,https://static.inaturalist.org/photos/200706652/medium.jpg,,"","",3,0,false,3,"São Miguel Island, Ponta Delgada, Azorerne, PT",37.9003216667,-25.8183216667,6,,,,6,,,false,,,Portuguese Man o' War,Physalia physalis,Fragata portuguesa,Animalia,117302
118769338,fe5de8c9-d93c-4882-ad3b-dc9d3a90bd61,2022-05-26 10:40:08Z,2022-05-26,2022-05-26 10:40:08 UTC,Azores,1898083,charlotte222,Charlotte Bæk Mogensen,2022-05-26 12:07:01 UTC,2023-01-26 09:50:54 UTC,research,,https://www.inaturalist.org/observations/118769338,https://static.inaturalist.org/photos/200706912/medium.jpg,,"","",3,0,false,3,"São Miguel Island, Ponta Delgada, Azorerne, PT",37.8931966667,-25.8203633333,941,,,,941,,,false,,,Portuguese Man o' War,Physalia physalis,Fragata portuguesa,Animalia,117302
118794018,2007039f-609a-46b6-bb07-799cdc526535,2022-05-17 12:23:13,2022-05-17,2022-05-17 12:23:13 UTC,Azores,5687916,rita549,rita silva,2022-05-26 15:44:22 UTC,2023-01-26 09:58:49 UTC,research,,https://www.inaturalist.org/observations/118794018,https://static.inaturalist.org/photos/200748918/medium.jpeg,,"","Duration: 42min. 
Tide: low",3,0,false,2,"Monte Queimado, 9900-025 Horta, Portugal",38.524684497,-28.6256497353,198,,,,198,,,false,gps,gps,Portuguese Man o' War,Physalia physalis,Fragata portuguesa,Animalia,117302
118950234,44ef3bf5-a9d5-4baa-bbee-baaa782ba656,2022-05-27 16:24:50Z,2022-05-27,2022-05-27 16:24:50 UTC,Azores,872635,cathyfahey,Cathy Fahey,2022-05-27 18:17:30 UTC,2023-07-08 08:21:35 UTC,research,CC-BY-NC,https://www.inaturalist.org/observations/118950234,https://inaturalist-open-data.s3.amazonaws.com/photos/201030921/medium.jpg,,"","",4,0,false,3,"São Miguel Island, Ponta Delgada, Azores, PT",37.8583833333,-25.8523916667,5,,,,5,,,false,,,Caravela-portuguesa,Physalia physalis,Fragata portuguesa,Animalia,117302
118951384,4aefdb24-26b7-4320-9ec2-5802cf50abb3,2022-05-27 16:25:02Z,2022-05-27,2022-05-27 16:25:02 UTC,Azores,1118559,rebeccafahey,Rebecca Fahey,2022-05-27 18:29:28 UTC,2023-01-26 10:28:17 UTC,research,,https://www.inaturalist.org/observations/118951384,https://static.inaturalist.org/photos/201033194/medium.jpg,,"","",4,0,false,3,"São Miguel Island, Ponta Delgada, PT",37.8583916667,-25.8523783333,4,,,,4,,,false,,,Caravela-portuguesa,Physalia physalis,Fragata portuguesa,Animalia,117302
119116546,cec88520-baee-401e-bfd8-7c7a01a91e17,2022-05-28 17:39:01,2022-05-28,2022-05-28 17:39:01 UTC,Azores,3962109,mileneguerreiro,Milene Guerreiro,2022-05-28 19:43:47 UTC,2023-01-26 10:37:01 UTC,research,CC-BY-NC,https://www.inaturalist.org/observations/119116546,https://inaturalist-open-data.s3.amazonaws.com/photos/201326879/medium.jpeg,,"",,4,0,false,2,"9960, Portugal",39.4493370836,-31.2663277611,389,,,,389,,,false,gps,gps,Caravela-portuguesa,Physalia physalis,Fragata portuguesa,Animalia,117302
119855874,0b627bc7-c264-4c77-873d-5099b8f62aff,2022-06-02 09:58:24,2022-06-02,2022-06-02 09:58:24 UTC,Azores,5760396,sarasilva91,SaraSilva,2022-06-02 11:35:01 UTC,2023-03-30 21:00:53 UTC,research,CC-BY-NC,https://www.inaturalist.org/observations/119855874,https://inaturalist-open-data.s3.amazonaws.com/photos/202659205/medium.jpeg,,"",,2,0,false,2,Praia do Porto Pim,38.5248258765,-28.6257208139,220,,,,220,,,false,gps,gps,Portuguese Man o' War,Physalia physalis,Fragata portuguesa,Animalia,117302
120010111,a3ba2a22-d75f-496a-9c76-35c7c7a484dc,2022-06-03 13:47:13,2022-06-03,2022-06-03 13:47:13 UTC,Azores,4100491,drzenuno,JoseNuno GomesPereira,2022-06-03 13:52:52 UTC,2023-01-26 11:07:45 UTC,research,,https://www.inaturalist.org/observations/120010111,https://static.inaturalist.org/photos/202931634/medium.jpeg,,"",,5,0,false,2,Portugal,38.6488183333,-28.6773933333,3,,,,3,,,false,,,Portuguese Man o' War,Physalia physalis,Fragata portuguesa,Animalia,117302
120509830,bb6a4e24-b732-44f5-a59c-07ab9106c521,2022-06-06 12:04:37Z,2022-06-06,2022-06-06 12:04:37 UTC,Azores,2765369,suuwziej,"",2022-06-06 14:02:48 UTC,2023-01-26 11:58:01 UTC,research,,https://www.inaturalist.org/observations/120509830,https://static.inaturalist.org/photos/203834136/medium.jpg,,"","",5,0,false,3,"Porto Pim Beach, Horta, Azoren, PT",38.52528,-28.6260166667,10,,,,10,,,false,,,Physalie,Physalia physalis,Fragata portuguesa,Animalia,117302
120816827,ec7d5cd2-6eff-4afe-b3ad-0d34682064ed,2022-06-08 15:43:28+01:00,2022-06-08,2022-06-08 14:43:28 UTC,Azores,4385241,telma_afonso,Telma Afonso,2022-06-08 14:43:35 UTC,2023-01-26 12:25:24 UTC,research,,https://www.inaturalist.org/observations/120816827,https://static.inaturalist.org/photos/204384531/medium.jpg,,"","",5,0,false,3,"Ilha de São Miguel, Ponta Delgada, Açores, PT",37.7346266182,-25.6889754035,15982,,,,15982,,,false,,,Portuguese Man o' War,Physalia physalis,Fragata portuguesa,Animalia,117302
121140706,b50b7e21-c4df-47d0-a7fe-3a0bdb9802ac,2022-06-10 17:30:26,2022-06-10,2022-06-10 17:30:26 UTC,Azores,3097249,zsofia_varga_szilay,Zsófia Varga-Szilay,2022-06-10 20:40:39 UTC,2023-01-26 14:30:22 UTC,research,CC-BY-NC,https://www.inaturalist.org/observations/121140706,https://inaturalist-open-data.s3.amazonaws.com/photos/204964365/medium.jpeg,,"",,5,0,false,2,Portugal,38.6511111111,-27.2213222778,,,,,,,,false,gps,gps,Portuguese Man o' War,Physalia physalis,Fragata portuguesa,Animalia,117302
121204393,59a8785f-0e23-4d7c-9722-d0b352566223,2016/07/03 13:01,2016-07-03,2016-07-03 13:01:00 UTC,Azores,3915612,sylvain_le_bris,Sylvain Le Bris,2022-06-11 08:40:59 UTC,2022-12-11 19:57:08 UTC,research,CC-BY-NC,https://www.inaturalist.org/observations/121204393,https://inaturalist-open-data.s3.amazonaws.com/photos/205079695/medium.jpeg,,"",,6,0,false,,"Horta, Açores, Portugal",38.5168291441,-28.627127138,645,,,,645,,,false,,,Portugees oorlogsschip,Physalia physalis,Fragata portuguesa,Animalia,117302
121435078,0756a15a-f6e3-47b5-a870-3a1db1e4c984,Sun Jun 12 2022 16:07:56 GMT +0000 (GMT),2022-06-12,2022-06-12 16:07:56 UTC,Azores,3567421,temhoff27,,2022-06-12 16:31:33 UTC,2023-01-26 14:48:12 UTC,research,CC-BY-NC,https://www.inaturalist.org/observations/121435078,https://inaturalist-open-data.s3.amazonaws.com/photos/209237946/medium.jpeg,,"",,2,0,false,333,Ponta Delgada,37.8983078003,-25.8219280243,84,,,,84,,,false,,,Caravela-portuguesa,Physalia physalis,Fragata portuguesa,Animalia,117302
122008425,221ff89f-8a99-43a7-8d53-9154ebb538f8,2022-06-16 12:44:28,2022-06-16,2022-06-16 12:44:28 UTC,Azores,4100491,drzenuno,JoseNuno GomesPereira,2022-06-16 12:47:47 UTC,2023-01-26 15:13:20 UTC,research,,https://www.inaturalist.org/observations/122008425,https://static.inaturalist.org/photos/206527214/medium.jpeg,,"",,3,0,false,2,"Horta, PT-AC, PT",38.5209998761,-28.6185117066,4,,,,4,,,false,gps,gps,Portuguese Man o' War,Physalia physalis,Fragata portuguesa,Animalia,117302
122062250,7966df52-0568-4942-a608-0843c0055f7f,2022-06-16 19:30:00,2022-06-16,2022-06-16 19:30:00 UTC,Azores,1586803,dracoabe,Abrão Leite,2022-06-16 19:34:07 UTC,2026-06-26 15:09:12 UTC,research,CC-BY-NC,https://www.inaturalist.org/observations/122062250,https://inaturalist-open-data.s3.amazonaws.com/photos/206620893/medium.jpeg,,"","https://www.inaturalist.org/observations/122062454

Total of 4 specimens observed in the water, link to another observation since the largest individual is pictured in both, others were to small for the phone to capture well",4,0,false,2,Portugal,38.6552773926,-27.2294560075,19,,,,19,,,false,,,Portuguese Man o' War,Physalia physalis,Fragata portuguesa,Animalia,117302
122062454,27c4359d-db43-4540-8325-ae93289158ad,2022-06-16 19:26:27,2022-06-16,2022-06-16 19:26:27 UTC,Azores,2460328,hugs_af,Hugo Afonso,2022-06-16 19:35:57 UTC,2023-01-26 15:33:19 UTC,research,CC-BY-NC,https://www.inaturalist.org/observations/122062454,https://inaturalist-open-data.s3.amazonaws.com/photos/206621334/medium.jpeg,,"",Same specimen as https://www.biodiversity4all.org/observations/122062250. Several specimens present.,4,0,false,2,"Fanal, 9700 Angra do Heroísmo, Portugal",38.65532,-27.229191,,,,,,,,false,,,Portuguese Man o' War,Physalia physalis,Fragata portuguesa,Animalia,117302
122159906,48abf2c1-88b2-41c2-91b0-2262942fcb39,2022-06-17 13:51:29,2022-06-17,2022-06-17 13:51:29 UTC,Azores,4338674,pcerqueira,Pedro Cerqueira,2022-06-17 13:53:34 UTC,2023-01-26 15:42:25 UTC,research,CC-BY-NC,https://www.inaturalist.org/observations/122159906,https://inaturalist-open-data.s3.amazonaws.com/photos/206801198/medium.jpeg,,"",Fajã Praia do Norte,3,0,false,2,"9900, Portugal",38.61001683,-28.75690212,6,,,,6,,,false,,,Caravela-portuguesa,Physalia physalis,Fragata portuguesa,Animalia,117302
122334718,6efe7dd8-4303-497d-87c6-56b1fd8efe6f,2022-06-18 16:54:23,2022-06-18,2022-06-18 16:54:23 UTC,Azores,4338674,pcerqueira,Pedro Cerqueira,2022-06-18 16:55:20 UTC,2023-01-26 15:51:40 UTC,research,CC-BY-NC,https://www.inaturalist.org/observations/122334718,https://inaturalist-open-data.s3.amazonaws.com/photos/207112412/medium.jpeg,,"",,3,0,false,2,"9900, Portugal",38.6100204,-28.75652278,8,,,,8,,,false,,,Portuguese Man o' War,Physalia physalis,Fragata portuguesa,Animalia,117302
122687266,278cecb0-4550-49ca-9523-b10314ecb6db,2022-06-13 17:55:19,2022-06-13,2022-06-13 17:55:19 UTC,Azores,1124791,drohnemajar,"",2022-06-20 18:27:10 UTC,2023-01-26 15:57:18 UTC,research,CC-BY-NC,https://www.inaturalist.org/observations/122687266,https://inaturalist-open-data.s3.amazonaws.com/photos/207749526/medium.jpeg,,"",,6,0,false,2,"9800, Portugal",38.6317385997,-28.0990019,,,,,,,,false,gps,gps,Caravela-portuguesa,Physalia physalis,Fragata portuguesa,Animalia,117302
122979439,54ab737e-5941-42c6-9a2a-c8ef5dd707fc,Wed Jun 22 2022 14:09:44 GMT+0000 (GMT),2022-06-22,2022-06-22 14:09:44 UTC,Azores,3537491,elliethackaberry,Ellie Thackaberry,2022-06-22 18:12:46 UTC,2023-01-26 16:23:51 UTC,research,,https://www.inaturalist.org/observations/122979439,https://static.inaturalist.org/photos/208282687/medium.jpg,,"",found this nice-looking venom balloon on the beach. Actually the beach was littered with their corpses.,6,0,false,3,"São Miguel Island, Ribeira Grande, PT",37.8181330378,-25.5826076892,372,,,,372,,,false,,,Portuguese Man o' War,Physalia physalis,Fragata portuguesa,Animalia,117302
123337822,c3926a20-aec9-4749-b31c-09ed26d93328,2022-06-25 09:44:06,2022-06-25,2022-06-25 09:44:06 UTC,Azores,4100491,drzenuno,JoseNuno GomesPereira,2022-06-25 09:47:20 UTC,2025-07-06 16:09:38 UTC,research,,https://www.inaturalist.org/observations/123337822,https://static.inaturalist.org/photos/208932566/medium.jpeg,,"",,2,0,false,2,Portugal,38.4581933184,-28.6294001341,4,,,,4,,,false,gps,gps,Portuguese Man o' War,Physalia physalis,Fragata portuguesa,Animalia,117302
123373797,89375a2a-12aa-42d6-992a-eb3f52bc14a1,2022-06-25 15:25:16,2022-06-25,2022-06-25 15:25:16 UTC,Azores,4338674,pcerqueira,Pedro Cerqueira,2022-06-25 15:25:50 UTC,2023-01-26 16:45:52 UTC,research,CC-BY-NC,https://www.inaturalist.org/observations/123373797,https://inaturalist-open-data.s3.amazonaws.com/photos/208995358/medium.jpeg,,"","Praia do Norte, praia da fajã. 400 caravelas, secas e frescas",4,0,false,2,"9900, Portugal",38.61013364,-28.75631495,6,,,,6,,,false,,,Portuguese Man o' War,Physalia physalis,Fragata portuguesa,Animalia,117302
123383520,72bc6df8-448b-4771-b816-044b376fe4df,2022-06-25 16:24:54Z,2022-06-25,2022-06-25 16:24:54 UTC,Azores,2335524,braheyes,,2022-06-25 16:27:50 UTC,2023-01-26 16:50:38 UTC,research,CC-BY-NC,https://www.inaturalist.org/observations/123383520,https://inaturalist-open-data.s3.amazonaws.com/photos/209011655/medium.jpg,,"","",8,0,false,3,"São Miguel Island, Ponta Delgada, PT",37.9005883333,-25.81825,7,,,,7,,,false,,,Physalie,Physalia physalis,Fragata portuguesa,Animalia,117302
123556111,da6cf446-aee4-464a-9eaa-07171b7bcc06,2022-06-26 12:38:08Z,2022-06-26,2022-06-26 12:38:08 UTC,Azores,1803991,bernardducarme,Bernard Ducarme,2022-06-26 17:06:50 UTC,2023-07-08 08:36:32 UTC,research,CC0,https://www.inaturalist.org/observations/123556111,https://inaturalist-open-data.s3.amazonaws.com/photos/209322070/medium.jpg,,"","",4,0,false,3,"São Miguel Island, Ponta Delgada, Açores, PT",37.8423616667,-25.68665,,,,,,,,false,,,Portuguese Man o' War,Physalia physalis,Fragata portuguesa,Animalia,117302
123699929,fdbe7a3a-ec35-4629-9070-74c394e7c613,2022-06-27 14:36:07,2022-06-27,2022-06-27 14:36:07 UTC,Azores,5686048,filipa39,Filipa Mendes,2022-06-27 15:26:30 UTC,2023-01-26 17:16:47 UTC,research,,https://www.inaturalist.org/observations/123699929,https://static.inaturalist.org/photos/209582882/medium.jpeg,,"",,5,0,false,2,Zona balnear das Cinco Ribeiras,38.6750506949,-27.3285136744,252,,,,252,,,false,gps,gps,Portuguese Man o' War,Physalia physalis,Fragata portuguesa,Animalia,117302
123814313,0cc5af82-e8a7-4f80-9ef6-8f5b830b2f85,2022-06-28 11:11:26,2022-06-28,2022-06-28 11:11:26 UTC,Azores,4100491,drzenuno,JoseNuno GomesPereira,2022-06-28 11:15:03 UTC,2023-01-26 17:25:43 UTC,research,,https://www.inaturalist.org/observations/123814313,https://static.inaturalist.org/photos/209793958/medium.jpeg,,"",,4,0,false,2,Portugal,38.3935916802,-28.4225917608,8,,,,8,,,false,gps,gps,Portuguese Man o' War,Physalia physalis,Fragata portuguesa,Animalia,117302
123836218,f11f5ae6-4dcd-493e-8397-55cf94e1d982,2022/06/24 12:37 PM,2022-06-24,2022-06-24 12:37:00 UTC,Azores,1355499,joaotiagotavares,Joao Tiago Tavares,2022-06-28 14:47:25 UTC,2023-06-20 21:28:41 UTC,research,CC-BY-NC,https://www.inaturalist.org/observations/123836218,https://static.inaturalist.org/photos/209830541/medium.jpeg,,"",,5,0,false,,"Mosteiros, Portugal",37.8982666667,-25.8221055556,,,,,,,,false,,,Portuguese Man o' War,Physalia physalis,Fragata portuguesa,Animalia,117302
124226676,4817ed42-8899-4205-a00c-a72827b77b83,2022-07-01 10:29:26,2022-07-01,2022-07-01 10:29:26 UTC,Azores,4100491,drzenuno,JoseNuno GomesPereira,2022-07-01 10:33:02 UTC,2023-01-26 17:46:18 UTC,research,,https://www.inaturalist.org/observations/124226676,https://static.inaturalist.org/photos/210539149/medium.jpeg,,"",,3,0,false,2,Portugal,38.4997283703,-28.6841202155,4,,,,4,,,false,gps,gps,Portuguese Man o' War,Physalia physalis,Fragata portuguesa,Animalia,117302
124320174,e34f93c1-b191-4de5-a625-2afcfab2f531,2022-06-28 10:52:32Z,2022-06-28,2022-06-28 10:52:32 UTC,Azores,2291792,complexcrab,,2022-07-02 00:10:27 UTC,2023-01-26 17:53:55 UTC,research,,https://www.inaturalist.org/observations/124320174,https://inaturalist-open-data.s3.amazonaws.com/photos/210708439/medium.jpg,,"","",5,0,false,3,"São Miguel Island, Ribeira Grande, Azores, PT",37.81782,-25.54488,3,,,,3,,,false,,,Portuguese Man o' War,Physalia physalis,Fragata portuguesa,Animalia,117302
124366349,0fc268dc-652a-4c75-ae49-38bf9c59baec,2022-07-02 10:31:51,2022-07-02,2022-07-02 10:31:51 UTC,Azores,4100491,drzenuno,JoseNuno GomesPereira,2022-07-02 10:35:53 UTC,2025-07-06 16:09:34 UTC,research,,https://www.inaturalist.org/observations/124366349,https://static.inaturalist.org/photos/210791955/medium.jpeg,,"",,2,0,false,2,Portugal,38.692078447,-28.493341729,8,,,,8,,,false,gps,gps,Portuguese Man o' War,Physalia physalis,Fragata portuguesa,Animalia,117302
124412391,d492391d-ff9c-4cd9-b1fd-e897f591223e,2022-07-02 13:30:07Z,2022-07-02,2022-07-02 13:30:07 UTC,Azores,3535467,gregoiregfeller,"",2022-07-02 16:51:03 UTC,2023-01-26 17:59:28 UTC,research,CC-BY-NC,https://www.inaturalist.org/observations/124412391,https://inaturalist-open-data.s3.amazonaws.com/photos/210871420/medium.jpg,,"","",6,0,false,3,"Praia Da Viola, Ribeira Grande, PT",37.8389805371,-25.3674923488,68,,,,68,,,false,,,Portuguese Man o' War,Physalia physalis,Fragata portuguesa,Animalia,117302
124412649,1d393309-0cfa-4a7d-9a4e-7cac567319b6,2022-07-02 13:59:06Z,2022-07-02,2022-07-02 13:59:06 UTC,Azores,4125563,grenadine17,,2022-07-02 16:52:27 UTC,2023-01-26 18:09:13 UTC,research,CC-BY-NC,https://www.inaturalist.org/observations/124412649,https://inaturalist-open-data.s3.amazonaws.com/photos/210871879/medium.jpg,,"","",6,0,false,3,"Ribeira Grande, PT-AC, PT",37.8388671194,-25.3680297413,22,,,,22,,,false,,,Portuguese Man o' War,Physalia physalis,Fragata portuguesa,Animalia,117302
124801469,bb43cc50-887b-4dba-8919-48cbb917e90f,2022-04-30 18:46:42+01:00,2022-04-30,2022-04-30 17:46:42 UTC,Azores,2494448,alinorman,,2022-07-04 22:31:00 UTC,2023-01-26 18:13:47 UTC,research,CC-BY-NC,https://www.inaturalist.org/observations/124801469,https://inaturalist-open-data.s3.amazonaws.com/photos/211570144/medium.jpg,,"","",5,0,false,3,"São Miguel Island, Vila Franca do Campo, Azores, PT",37.7136,-25.4393666667,16,,,,16,,,false,,,Portuguese Man o' War,Physalia physalis,Fragata portuguesa,Animalia,117302
124864280,9e16ec7b-81e6-4bbb-9e1e-e14d20adb88c,2022-07-05 10:41:22,2022-07-05,2022-07-05 10:41:22 UTC,Azores,4100491,drzenuno,JoseNuno GomesPereira,2022-07-05 10:44:41 UTC,2023-01-26 18:19:45 UTC,research,,https://www.inaturalist.org/observations/124864280,https://static.inaturalist.org/photos/211689702/medium.jpeg,,"",,4,0,false,2,Portugal,38.4893400935,-28.6946167052,6,,,,6,,,false,gps,gps,Portuguese Man o' War,Physalia physalis,Fragata portuguesa,Animalia,117302
125075575,0764ff7c-0dcc-48bc-acc1-ca2bdce7307a,2022-07-06 20:31:50Z,2022-07-06,2022-07-06 20:31:50 UTC,Azores,5533494,ptn4t,,2022-07-06 20:32:29 UTC,2023-01-26 18:30:18 UTC,research,CC-BY-NC,https://www.inaturalist.org/observations/125075575,https://inaturalist-open-data.s3.amazonaws.com/photos/212075470/medium.jpg,,"","",5,0,false,3,"São Miguel Island, Ribeira Grande, PT",37.8260041141,-25.5227582522,267,,,,267,,,false,,,Caravela-portuguesa,Physalia physalis,Fragata portuguesa,Animalia,117302
125146790,358f5ba4-d2a4-4228-94a3-eb3225e78b8d,2022-07-07 10:28:04,2022-07-07,2022-07-07 10:28:04 UTC,Azores,4100491,drzenuno,JoseNuno GomesPereira,2022-07-07 10:58:00 UTC,2023-01-26 18:37:12 UTC,research,,https://www.inaturalist.org/observations/125146790,https://static.inaturalist.org/photos/212205400/medium.jpeg,,"",,5,0,false,2,"Horta, PT-AC, PT",38.4746215915,-28.6160366982,8,,,,8,,,false,gps,gps,Portuguese Man o' War,Physalia physalis,Fragata portuguesa,Animalia,117302
125159224,adf19357-d546-4163-a664-f7d1ed7d3052,2022-06-27 13:23:40,2022-06-27,2022-06-27 13:23:40 UTC,Azores,5892160,dulce145,Dulce Vieira,2022-07-07 13:19:50 UTC,2023-01-26 18:43:41 UTC,research,,https://www.inaturalist.org/observations/125159224,https://static.inaturalist.org/photos/212227717/medium.jpeg,,"",,4,0,false,2,Zona balnear das Cinco Ribeiras,38.6750506949,-27.3285136744,252,,,,252,,,false,gps,gps,Portuguese Man o' War,Physalia physalis,Fragata portuguesa,Animalia,117302
125533275,6eef592b-726f-4152-a27d-38dd5676c36b,2022-07-03 16:24:38,2022-07-03,2022-07-03 16:24:38 UTC,Azores,3875627,christina_d,"",2022-07-10 00:03:16 UTC,2023-01-27 12:08:15 UTC,research,CC-BY-NC,https://www.inaturalist.org/observations/125533275,https://inaturalist-open-data.s3.amazonaws.com/photos/212890444/medium.jpeg,,"",,5,0,false,2,"Isla, Terceira, 9700, Portugal",38.6923118729,-27.3552576452,753,,,,753,,,false,gps,gps,Portuguese Man o' War,Physalia physalis,Fragata portuguesa,Animalia,117302
125825283,d317b045-7f7b-4d2d-8ea9-ad83b75f8055,2022-07-11 19:23:53Z,2022-07-11,2022-07-11 19:23:53 UTC,Azores,1902460,dreadnoughtus,,2022-07-11 19:29:48 UTC,2023-01-27 12:22:30 UTC,research,CC-BY-NC,https://www.inaturalist.org/observations/125825283,https://inaturalist-open-data.s3.amazonaws.com/photos/213420358/medium.jpg,,"","",5,0,false,3,"São Miguel Island, Ribeira Grande, PT",37.815595,-25.5534966667,4,,,,4,,,false,,,Portuguese Man o' War,Physalia physalis,Fragata portuguesa,Animalia,117302
126462714,d3f08507-8979-4849-b8b4-22bc4bfa5378,2022-07-16 11:37:31Z,2022-07-16,2022-07-16 11:37:31 UTC,Azores,2732294,didierjacques,,2022-07-16 11:38:08 UTC,2023-01-27 13:02:05 UTC,research,CC-BY-NC,https://www.inaturalist.org/observations/126462714,https://inaturalist-open-data.s3.amazonaws.com/photos/214576702/medium.jpg,,"","",4,0,false,3,"Praia do Monte Verde, Ribeira Grande, Açores, PT",37.8235189443,-25.5254040343,22,,,,22,,,false,,,Portuguese Man o' War,Physalia physalis,Fragata portuguesa,Animalia,117302
126539416,ee37258f-482c-4c28-b458-e96eb280ebfb,2022-07-16 17:20:27,2022-07-16,2022-07-16 17:20:27 UTC,Azores,3778642,ljazz,Ljaž,2022-07-16 20:46:11 UTC,2023-01-27 13:10:14 UTC,research,CC-BY,https://www.inaturalist.org/observations/126539416,https://inaturalist-open-data.s3.amazonaws.com/photos/214712674/medium.jpeg,,"",,4,0,false,2,"9600, Portugal",37.8231000766,-25.5256940173,4,,,,4,,,false,,,Portuguese Man o' War,Physalia physalis,Fragata portuguesa,Animalia,117302
126982081,a25c41d2-933a-49e9-a95d-5fa6a6740faf,2022-07-19 15:31:09,2022-07-19,2022-07-19 15:31:09 UTC,Azores,1669414,irenezaina,Irene Zaina,2022-07-19 17:32:44 UTC,2023-04-21 01:17:07 UTC,research,CC-BY,https://www.inaturalist.org/observations/126982081,https://inaturalist-open-data.s3.amazonaws.com/photos/215520705/medium.jpeg,,"",,8,0,false,2,"9580, Portugal",36.9858093261,-25.0586471556,,,,,,,,false,gps,gps,Physalie,Physalia physalis,Fragata portuguesa,Animalia,117302
127274475,73a071af-46f1-40bb-af5d-3d9a3348e5cc,2022/07/02 11:45 PM,2022-07-02,2022-07-02 23:45:00 UTC,Azores,146551,ajaxel,Ilya Belevich,2022-07-21 20:46:47 UTC,2023-01-27 13:34:02 UTC,research,,https://www.inaturalist.org/observations/127274475,https://static.inaturalist.org/photos/216054762/medium.jpg,,"",,6,0,false,,"Azores, Portugal",37.8178954052,-25.5443829986,442,,,,442,,,false,,,Caravela-portuguesa,Physalia physalis,Fragata portuguesa,Animalia,117302
127274979,2e91f219-d006-496a-9106-c71d5d514a70,2022/07/11 11:50 PM,2022-07-11,2022-07-11 23:50:00 UTC,Azores,146551,ajaxel,Ilya Belevich,2022-07-21 20:51:10 UTC,2022-08-25 07:57:18 UTC,research,,https://www.inaturalist.org/observations/127274979,https://static.inaturalist.org/photos/216055837/medium.jpg,,"",,6,0,false,,"Azores, Portugal",37.8167767862,-25.5494543864,85,,,,85,,,false,,,Caravela-portuguesa,Physalia physalis,Fragata portuguesa,Animalia,117302
127342541,7c3d9e72-9e55-40ec-9d48-339e5f60ca05,2021-08-30 11:32:38,2021-08-30,2021-08-30 11:32:38 UTC,Azores,4729949,lojahorta_2021,LojaHorta 2021,2022-07-22 11:00:35 UTC,2023-01-21 23:30:47 UTC,research,,https://www.inaturalist.org/observations/127342541,https://static.inaturalist.org/photos/216182192/medium.jpeg,,"",,2,0,false,2,"Horta, PT-AC, PT",38.6267224985,-28.5996779054,239,,,,239,,,false,gps,gps,Portuguese Man o' War,Physalia physalis,Fragata portuguesa,Animalia,117302
127372987,cc134912-bced-4d6e-8fd7-1be3409e07f4,2022-07-22 15:38:15,2022-07-22,2022-07-22 15:38:15 UTC,Azores,1586803,dracoabe,Abrão Leite,2022-07-22 15:55:52 UTC,2026-06-26 15:11:16 UTC,research,CC-BY-NC,https://www.inaturalist.org/observations/127372987,https://inaturalist-open-data.s3.amazonaws.com/photos/216235907/medium.jpeg,,"",,3,0,false,2,"Vila de São Sebastião, Portugal",38.6484102255,-27.098008655,19,,,,19,,,false,gps,gps,Physalie,Physalia physalis,Fragata portuguesa,Animalia,117302
127509470,85f502d2-7b69-4348-988e-e75319cfe1e6,2022-07-23 14:34:38,2022-07-23,2022-07-23 14:34:38 UTC,Azores,4100491,drzenuno,JoseNuno GomesPereira,2022-07-23 14:37:07 UTC,2023-03-08 05:06:42 UTC,research,,https://www.inaturalist.org/observations/127509470,https://static.inaturalist.org/photos/216480059/medium.jpeg,,"",,1,0,false,2,Portugal,38.619775,-28.6109883333,1,,,,1,,,false,,,Portuguese Man o' War,Physalia physalis,Fragata portuguesa,Animalia,117302
129056013,9979b3eb-4415-4bbd-9b1b-dcd08dfb823e,2022-08-01 17:46:50,2022-08-01,2022-08-01 17:46:50 UTC,Azores,1676835,anasacuta,"",2022-08-01 22:54:23 UTC,2023-01-27 15:57:16 UTC,research,CC0,https://www.inaturalist.org/observations/129056013,https://inaturalist-open-data.s3.amazonaws.com/photos/219271763/medium.jpeg,,"",,4,0,false,2,"Livramento - Praia Do Pópulo, 9500, Portugal",37.7502777778,-25.6180555556,,,,,,,,false,gps,gps,Portuguese Man o' War,Physalia physalis,Fragata portuguesa,Animalia,117302
129284150,d517fd0d-b06c-4f78-a652-3cac413f1d21,2022-07-31 15:12:00Z,2022-07-31,2022-07-31 15:12:00 UTC,Azores,3685009,bhall6,,2022-08-03 15:08:31 UTC,2023-01-27 16:36:14 UTC,research,CC-BY-NC,https://www.inaturalist.org/observations/129284150,https://inaturalist-open-data.s3.amazonaws.com/photos/219686029/medium.jpg,,"","",5,0,false,3,"São Miguel Island, Ponta Delgada, Azores, PT",37.9003616667,-25.8182033333,3,,,,3,,,false,,,Portuguese Man o' War,Physalia physalis,Fragata portuguesa,Animalia,117302
129334347,60e553d8-3b63-427d-a75e-e76ac3407fb5,2022-08-03 10:26:13Z,2022-08-03,2022-08-03 10:26:13 UTC,Azores,652590,silviatav,Sílvia Tavares,2022-08-03 21:54:46 UTC,2023-01-28 17:37:18 UTC,research,,https://www.inaturalist.org/observations/129334347,https://static.inaturalist.org/photos/219775955/medium.jpg,,"",Aprox. 50-100 ind near Ilhéu das Cabras,6,0,false,3,"Angra do Heroísmo, PT",38.6340466667,-27.149875,5,,,,5,,,false,,,Portuguese Man o' War,Physalia physalis,Fragata portuguesa,Animalia,117302
130097981,34e90820-571e-485a-99a8-91d09a4b2309,2022-08-09 12:16:16,2022-08-09,2022-08-09 12:16:16 UTC,Azores,4729949,lojahorta_2021,LojaHorta 2021,2022-08-09 12:17:29 UTC,2023-01-28 18:03:06 UTC,research,,https://www.inaturalist.org/observations/130097981,https://static.inaturalist.org/photos/221193648/medium.jpeg,,"",,5,0,false,2,Portugal,38.4711084434,-28.5664416477,7,,,,7,,,false,gps,gps,Portuguese Man o' War,Physalia physalis,Fragata portuguesa,Animalia,117302
130142176,8b2be2ec-3a06-4761-b41c-696699dbe8a4,2022-08-09 18:15:24Z,2022-08-09,2022-08-09 18:15:24 UTC,Azores,652590,silviatav,Sílvia Tavares,2022-08-09 18:31:29 UTC,2023-01-28 18:18:38 UTC,research,,https://www.inaturalist.org/observations/130142176,https://static.inaturalist.org/photos/221274236/medium.jpg,,"","",7,0,false,3,"Angra do Heroísmo, PT",38.6473916667,-27.21325,4,,,,4,,,false,,,Caravela-portuguesa,Physalia physalis,Fragata portuguesa,Animalia,117302
130212498,fd0b113e-04ab-4bd7-9f52-74f17dbc53fc,2022/07/27 2:44 PM,2022-07-27,2022-07-27 14:44:00 UTC,Azores,51500,rmedina,Rafael Medina,2022-08-10 07:13:05 UTC,2023-01-28 18:22:13 UTC,research,CC-BY,https://www.inaturalist.org/observations/130212498,https://inaturalist-open-data.s3.amazonaws.com/photos/221406663/medium.jpeg,,"",,6,0,false,,"Horta, Azores, Portugal",38.592616,-28.826889,,,,,,,,false,,,Portuguese Man o' War,Physalia physalis,Fragata portuguesa,Animalia,117302
130613969,bd63e9b6-4fe9-4c80-8c92-6d70deeb3d00,2022-08-12 14:38:22Z,2022-08-12,2022-08-12 14:38:22 UTC,Azores,5019726,j_orfao,Josué Orfão,2022-08-13 11:47:20 UTC,2023-01-28 19:03:59 UTC,research,CC-BY-NC,https://www.inaturalist.org/observations/130613969,https://static.inaturalist.org/photos/222156402/medium.jpg,,"","",4,0,false,3,"Ilha do Pico, São Roque Do Pico, Açores, PT",38.4624116667,-28.191205,5,,,,5,,,false,,,Portuguese Man o' War,Physalia physalis,Fragata portuguesa,Animalia,117302
130801867,8c177dce-5e3d-4c00-b25f-4ff60c45ec56,2022/07/31 4:50 PM,2022-07-31,2022-07-31 16:50:00 UTC,Azores,51500,rmedina,Rafael Medina,2022-08-14 16:34:34 UTC,2023-01-28 19:20:10 UTC,research,CC-BY,https://www.inaturalist.org/observations/130801867,https://inaturalist-open-data.s3.amazonaws.com/photos/222493039/medium.jpeg,,"",,6,0,false,,"Lajes das Flores, Azores, Portugal",39.37420822,-31.20633778,,,,,,,,false,,,Portuguese Man o' War,Physalia physalis,Fragata portuguesa,Animalia,117302
130803393,c28f508c-a630-4357-8c72-aecc11d55b33,2022/08/01 12:33 PM,2022-08-01,2022-08-01 12:33:00 UTC,Azores,51500,rmedina,Rafael Medina,2022-08-14 16:43:40 UTC,2023-01-28 19:30:04 UTC,research,CC-BY,https://www.inaturalist.org/observations/130803393,https://inaturalist-open-data.s3.amazonaws.com/photos/222500514/medium.jpeg,,"",,4,0,false,,"Santa Cruz das Flores, PT-AC, PT",39.4739152157,-31.1472296259,4,,,,4,,,false,,,Caravela-portuguesa,Physalia physalis,Fragata portuguesa,Animalia,117302
130847034,e686a47a-1eba-4943-87e7-e2f70c76a17c,2022/08/09 3:19 PM,2022-08-09,2022-08-09 15:19:00 UTC,Azores,3043180,mtfoliveira,"",2022-08-14 21:21:21 UTC,2023-01-28 19:39:20 UTC,research,CC-BY-NC,https://www.inaturalist.org/observations/130847034,https://inaturalist-open-data.s3.amazonaws.com/photos/222528523/medium.jpeg,,"","",5,0,false,,"Santa Cruz das Flores, Portugal",39.4582827,-31.1338071,1034,,,,1034,,,false,,,Caravela-portuguesa,Physalia physalis,Fragata portuguesa,Animalia,117302
130943706,450c491d-c8f4-4fe1-a39f-2f5d3fabcd1a,2022/08/06 4:16 PM,2022-08-06,2022-08-06 16:16:00 UTC,Azores,1676835,anasacuta,"",2022-08-15 15:21:07 UTC,2023-01-28 20:00:21 UTC,research,CC0,https://www.inaturalist.org/observations/130943706,https://inaturalist-open-data.s3.amazonaws.com/photos/222757038/medium.jpg,,"",,4,0,false,,"9500 São Roque, Portugal",37.7503155934,-25.6300306318,42,,,,42,,,false,,,Portuguese Man o' War,Physalia physalis,Fragata portuguesa,Animalia,117302
130943709,5011428c-3b7e-45b6-96e9-9d958dbca182,2022/08/06 4:21 PM,2022-08-06,2022-08-06 16:21:00 UTC,Azores,1676835,anasacuta,"",2022-08-15 15:21:08 UTC,2023-01-29 21:22:32 UTC,research,CC0,https://www.inaturalist.org/observations/130943709,https://inaturalist-open-data.s3.amazonaws.com/photos/222757110/medium.jpg,,"",,4,0,false,,"9500 São Roque, Portugal",37.7503155934,-25.6300306318,42,,,,42,,,false,,,Portuguese Man o' War,Physalia physalis,Fragata portuguesa,Animalia,117302
130968957,8de79980-ac57-4db9-be88-72f6f45efc39,2022-08-15 17:04:56Z,2022-08-15,2022-08-15 17:04:56 UTC,Azores,5019726,j_orfao,Josué Orfão,2022-08-15 18:42:00 UTC,2023-01-29 21:32:05 UTC,research,CC-BY-NC,https://www.inaturalist.org/observations/130968957,https://static.inaturalist.org/photos/222806538/medium.jpg,,"","",7,0,false,3,"Ilha do Pico, São Roque Do Pico, Açores, PT",38.4801633333,-28.2092633333,5,,,,5,,,false,,,Physalie,Physalia physalis,Fragata portuguesa,Animalia,117302
131265546,4e741562-0a48-4d69-9e04-34ae7d6b74a9,Wed Aug 17 2022 19:09:38 GMT +0000 (GMT),2022-08-17,2022-08-17 19:09:38 UTC,Azores,3117543,lola_nightingale,"",2022-08-17 23:09:06 UTC,2023-01-30 11:20:05 UTC,research,CC-BY-NC,https://www.inaturalist.org/observations/131265546,https://inaturalist-open-data.s3.amazonaws.com/photos/223353957/medium.jpeg,,"",,6,0,false,333,Ribeira Grande,37.8181724548,-25.5441913605,,,,,,,,false,,,Portuguese Man o' War,Physalia physalis,Fragata portuguesa,Animalia,117302
131947524,85878cf0-985b-4767-9f1e-c70182dd824c,2022-04-22 11:57:23,2022-04-22,2022-04-22 11:57:23 UTC,Azores,1949374,mmart,,2022-08-22 23:09:57 UTC,2023-01-30 11:45:54 UTC,research,CC-BY-NC,https://www.inaturalist.org/observations/131947524,https://inaturalist-open-data.s3.amazonaws.com/photos/224624100/medium.jpeg,,"",,5,0,false,2,"Biscoitos, Portugal",38.8028666667,-27.2572805556,,,,,,,,false,gps,gps,Portuguese Man o' War,Physalia physalis,Fragata portuguesa,Animalia,117302
132551731,e71cbf7f-8133-43bf-9f17-705bb5d2d890,2019-05-11,2019-05-11,,Azores,4754250,all_creatures_count,All Creatures Count,2022-08-28 11:32:03 UTC,2023-11-02 15:28:35 UTC,research,,https://www.inaturalist.org/observations/132551731,https://static.inaturalist.org/photos/225716811/medium.jpeg,,"",,7,0,false,2,"Ribeira Grande - Toyota, 9600 Ribeira Grande, Portugal",37.8228479857,-25.5279320106,253,,,,253,,,false,gps,gps,Portuguese Man o' War,Physalia physalis,Fragata portuguesa,Animalia,117302
132979966,b9f7230c-dad3-4a2a-b2c2-8144f4b5c826,2022-08-14 14:00:29,2022-08-14,2022-08-14 14:00:29 UTC,Azores,210221,pawelp,Paweł Pieluszyński,2022-08-30 18:23:46 UTC,2023-01-30 15:00:50 UTC,research,CC-BY-NC,https://www.inaturalist.org/observations/132979966,https://static.inaturalist.org/photos/226441012/medium.jpeg,,"",,7,0,false,2,"Ribeira Seca, 9600, Portugal",37.8183904997,-25.5435672997,,,,,,,,false,gps,gps,Portuguese Man o' War,Physalia physalis,Fragata portuguesa,Animalia,117302
133065550,86d3a9ee-9fff-409b-9f60-5eec088db821,2022-08-30 14:41:38Z,2022-08-30,2022-08-30 14:41:38 UTC,Azores,5019726,j_orfao,Josué Orfão,2022-08-31 11:34:22 UTC,2023-01-30 15:28:15 UTC,research,CC-BY-NC,https://www.inaturalist.org/observations/133065550,https://static.inaturalist.org/photos/226601272/medium.jpg,,"","",6,0,false,3,PT,38.3743966667,-28.1877116667,10,,,,10,,,false,,,Caravela-portuguesa,Physalia physalis,Fragata portuguesa,Animalia,117302
133825536,5bc6ca42-29b4-49b3-a8cc-3517a6c7523d,2022/08/12 2:44 PM,2022-08-12,2022-08-12 14:44:00 UTC,Azores,3285928,mariajosedmartins,Maria José D. Martins,2022-09-05 21:14:16 UTC,2022-12-05 18:19:01 UTC,research,CC-BY-NC,https://www.inaturalist.org/observations/133825536,https://inaturalist-open-data.s3.amazonaws.com/photos/228009851/medium.jpg,,"",,3,0,false,,"Ilha do Corvo, 9980, Portugal",39.6678649919,-31.1092697248,488,,,,488,,,false,,,Portuguese Man o' War,Physalia physalis,Fragata portuguesa,Animalia,117302
133964338,2597b4c8-bbae-4077-8065-ddc6046276a4,2022-03-17 09:32:41,2022-03-17,2022-03-17 10:32:41 UTC,Azores,1594780,tylarmurray,Tylar Murray,2022-09-06 21:32:18 UTC,2022-12-05 18:18:41 UTC,research,,https://www.inaturalist.org/observations/133964338,https://static.inaturalist.org/photos/228266385/medium.jpeg,,"",,4,0,false,2,"Sé, Portugal",38.6520472222,-27.2217361111,,,,,,,,false,gps,gps,Caravela-portuguesa,Physalia physalis,Fragata portuguesa,Animalia,117302
134650032,55d1de27-a5fb-4d36-93ad-f1537c5c90ce,2022-09-11 20:02:20,2022-09-11,2022-09-11 20:02:20 UTC,Azores,469701,sastinson,"",2022-09-11 22:07:12 UTC,2022-12-05 18:18:00 UTC,research,CC-BY-NC,https://www.inaturalist.org/observations/134650032,https://inaturalist-open-data.s3.amazonaws.com/photos/229547850/medium.jpeg,,"",,5,0,false,2,"Criação Velha, 9950, Portugal",38.5052239364,-28.5411970317,124,,,,124,,,false,gps,gps,Caravela-portuguesa,Physalia physalis,Fragata portuguesa,Animalia,117302
135897777,9130f799-a7a9-4a71-a8dd-eb6eb6202526,2022-09-21 11:46:10,2022-09-21,2022-09-21 11:46:10 UTC,Azores,4100491,drzenuno,JoseNuno GomesPereira,2022-09-21 11:47:35 UTC,2023-01-31 14:57:59 UTC,research,,https://www.inaturalist.org/observations/135897777,https://static.inaturalist.org/photos/231858810/medium.jpeg,,"",,6,0,false,2,"9900 Castelo Branco, Portugal",38.4864008326,-28.6716553196,12,,,,12,,,false,gps,gps,Portuguese Man o' War,Physalia physalis,Fragata portuguesa,Animalia,117302
135935994,ca7668d8-6833-4bfe-8228-508ab9fa298f,2022/09/14 12:58 PM,2022-09-14,2022-09-14 12:58:00 UTC,Azores,5202465,david4835,David Fernandes,2022-09-21 17:26:15 UTC,2023-01-31 15:03:21 UTC,research,,https://www.inaturalist.org/observations/135935994,https://static.inaturalist.org/photos/231921944/medium.jpg,,"",,6,0,false,,"9700 Angra do Heroísmo, Portugal",38.6513989275,-27.2223174884,1554,,,,1554,,,false,,,Caravela-portuguesa,Physalia physalis,Fragata portuguesa,Animalia,117302
137533480,59931416-a165-44ed-9776-cf6e16e235e3,2022/08/27 10:28 AM,2022-08-27,2022-08-27 10:28:00 UTC,Azores,4010617,rafael_pires,Rafael António,2022-10-04 15:39:16 UTC,2023-03-23 14:30:22 UTC,research,CC-BY-NC,https://www.inaturalist.org/observations/137533480,https://inaturalist-open-data.s3.amazonaws.com/photos/234902140/medium.jpeg,,"",,5,0,false,,"Vila do Corvo, 9980, Portugal",39.6724638495,-31.121536083,15,,,,15,,,false,,,Caravela-portuguesa,Physalia physalis,Fragata portuguesa,Animalia,117302
137564918,f6afae98-b6d8-4597-8a7a-ed7358c84da4,2022-09-24 15:50:15,2022-09-24,2022-09-24 15:50:15 UTC,Azores,4750509,awildbiologist,Ricardo Fragoso,2022-10-04 20:33:53 UTC,2022-12-05 18:12:54 UTC,research,,https://www.inaturalist.org/observations/137564918,https://static.inaturalist.org/photos/234969594/medium.jpeg,,"",,4,0,false,2,"Água de Pau, Portugal",37.7078630569,-25.5090475827,25,,,,25,,,false,gps,gps,Caravela-portuguesa,Physalia physalis,Fragata portuguesa,Animalia,117302
139456182,bc918dbf-f1d0-4517-ba84-8b344bf3b0e1,2022-10-20 18:21:58,2022-10-20,2022-10-20 18:21:58 UTC,Azores,288146,yvonne8,Yvonne Scherrer,2022-10-20 19:21:02 UTC,2022-12-05 18:09:08 UTC,research,CC-BY-NC,https://www.inaturalist.org/observations/139456182,https://inaturalist-open-data.s3.amazonaws.com/photos/238526266/medium.jpeg,,"",,3,0,false,2,"Cachorro, Portugal",38.5569569722,-28.4456869722,,,,,,,,false,gps,gps,Caravela-portuguesa,Physalia physalis,Fragata portuguesa,Animalia,117302
139620390,ca73b410-c6e8-49d3-85ff-bec3f2ea502b,2022-10-22 12:18:50Z,2022-10-22,2022-10-22 12:18:50 UTC,Azores,1947985,gjpinat,,2022-10-22 12:59:00 UTC,2022-12-05 18:09:02 UTC,research,CC-BY-NC,https://www.inaturalist.org/observations/139620390,https://inaturalist-open-data.s3.amazonaws.com/photos/238840957/medium.jpg,,"","",4,0,false,3,"São Miguel Island, Ponta Delgada, Azores, PT",37.894655,-25.82288,4,,,,4,,,false,,,Caravela-portuguesa,Physalia physalis,Fragata portuguesa,Animalia,117302
140370721,1335dee2-c89c-43b2-831b-369b8a98d07c,2022/10/03 10:34 AM,2022-10-03,2022-10-03 10:34:00 UTC,Azores,418173,gregoiredubois,Gregoire Dubois,2022-10-29 13:02:42 UTC,2022-12-05 18:07:03 UTC,research,CC-BY-NC,https://www.inaturalist.org/observations/140370721,https://inaturalist-open-data.s3.amazonaws.com/photos/240273668/medium.jpg,,"",,5,0,false,,"Vila Franca do Campo, PT-AC, PT",37.6933248671,-25.4123468266,2363,,,,2363,,,false,,,Portuguese Man o' War,Physalia physalis,Fragata portuguesa,Animalia,117302
141007388,c898352d-1448-486b-9e8c-6ce501128897,2022-11-03 15:14:49,2022-11-03,2022-11-03 16:14:49 UTC,Azores,4431050,carpica,Carlos Picanço,2022-11-03 20:07:49 UTC,2022-12-05 18:06:54 UTC,research,CC-BY-NC,https://www.inaturalist.org/observations/141007388,https://inaturalist-open-data.s3.amazonaws.com/photos/241463095/medium.jpeg,,"",,5,0,false,2,"Aeródromo da Graciosa, 9880-378 Santa Cruz da Graciosa, Portugal",39.09535,-28.0284666667,,,,,,,,false,gps,gps,Portuguese Man o' War,Physalia physalis,Fragata portuguesa,Animalia,117302
141949137,82e27c20-02d9-44be-b327-cf35a531a774,2022-11-13 17:25:58,2022-11-13,2022-11-13 18:25:58 UTC,Azores,5642255,nviana,Nicole Viana,2022-11-14 01:28:45 UTC,2022-12-05 18:03:51 UTC,research,CC-BY-NC,https://www.inaturalist.org/observations/141949137,https://inaturalist-open-data.s3.amazonaws.com/photos/243284955/medium.jpeg,,"",,7,0,false,2,Praia dos Mosteiros,37.8884480763,-25.8240780607,211,,,,211,,,false,gps,gps,Caravela-portuguesa,Physalia physalis,Fragata portuguesa,Animalia,117302
142017935,0f7785a7-2da3-44e2-b905-1822f497fdf9,2022-11-14 15:44:42,2022-11-14,2022-11-14 16:44:42 UTC,Azores,5642255,nviana,Nicole Viana,2022-11-14 21:40:12 UTC,2022-12-05 18:03:41 UTC,research,CC-BY-NC,https://www.inaturalist.org/observations/142017935,https://inaturalist-open-data.s3.amazonaws.com/photos/243415222/medium.jpeg,,"",,3,0,false,2,"Ribeira Quente - Descida Da Praia, 9675 Ribeira Quente, Portugal",37.7302157691,-25.3087797761,75,,,,75,,,false,gps,gps,Portuguese Man o' War,Physalia physalis,Fragata portuguesa,Animalia,117302
142108099,c8c34ffb-da31-4602-8259-b15bd966413b,2022-11-15 12:00:03,2022-11-15,2022-11-15 13:00:03 UTC,Azores,5642255,nviana,Nicole Viana,2022-11-16 00:32:06 UTC,2022-11-30 10:04:03 UTC,research,CC-BY-NC,https://www.inaturalist.org/observations/142108099,https://inaturalist-open-data.s3.amazonaws.com/photos/243584687/medium.jpeg,,"",,4,0,false,2,"Livramento - Praia Do Pópulo, 9500, Portugal",37.7504104983,-25.6179791316,19,,,,19,,,false,gps,gps,Portuguese Man o' War,Physalia physalis,Fragata portuguesa,Animalia,117302
142609600,5a0b3eb5-0252-4ed6-92fd-34eb3deb9eb3,2022-11-22 15:40:28,2022-11-22,2022-11-22 16:40:28 UTC,Azores,5891137,wildflower6,Wildflower Waggle Dance Honey,2022-11-22 16:51:46 UTC,2022-11-30 10:01:52 UTC,research,,https://www.inaturalist.org/observations/142609600,https://static.inaturalist.org/photos/244524048/medium.jpeg,,"",,5,0,false,2,"São Miguel, 9555, Portugal",37.85860372,-25.85228671,6,,,,6,,,false,,,Caravela-portuguesa,Physalia physalis,Fragata portuguesa,Animalia,117302
142674301,87625373-d44f-421b-9fac-f7851ced6187,2022-11-21 12:04:20,2022-11-21,2022-11-21 13:04:20 UTC,Azores,4100491,drzenuno,JoseNuno GomesPereira,2022-11-23 14:22:45 UTC,2023-01-05 05:11:01 UTC,research,,https://www.inaturalist.org/observations/142674301,https://static.inaturalist.org/photos/244647496/medium.jpeg,,"",,4,0,false,2,Portugal,38.5810317127,-28.0043699965,3,,,,3,,,false,,,Portuguese Man o' War,Physalia physalis,Fragata portuguesa,Animalia,117302
142674314,5867bf26-cee0-435b-9d4c-cf060a63b44d,2022-11-23 13:09:44,2022-11-23,2022-11-23 14:09:44 UTC,Azores,4100491,drzenuno,JoseNuno GomesPereira,2022-11-23 14:23:09 UTC,2023-01-05 15:21:49 UTC,research,,https://www.inaturalist.org/observations/142674314,https://static.inaturalist.org/photos/244791293/medium.jpeg,,"",,1,0,false,2,"Capelo, 9900, Portugal",38.5903600945,-28.7724487111,228068,,,,228068,,,false,gps,gps,Portuguese Man o' War,Physalia physalis,Fragata portuguesa,Animalia,117302
144582930,43a93fc8-3bb2-4407-9140-b3ac10f08984,2022-12-13 13:05:35-01:00,2022-12-13,2022-12-13 14:05:35 UTC,Azores,2930917,yokra,Yorgos K.,2022-12-18 05:02:22 UTC,2023-02-02 16:25:46 UTC,research,,https://www.inaturalist.org/observations/144582930,https://static.inaturalist.org/photos/248179870/medium.jpg,,"","",5,0,false,3,"São Miguel Island, Ponta Delgada, Azores, PT",37.88918,-25.825145,3,,,,3,,,false,,,Portuguese Man o' War,Physalia physalis,Fragata portuguesa,Animalia,117302
144669398,c4f4df9b-f081-47cf-b9af-daddfc5d9cba,2017-06-13 15:48:41,2017-06-13,2017-06-13 15:48:41 UTC,Azores,6231466,tomgibo,Thomas Gibson,2022-12-19 15:09:29 UTC,2025-07-06 16:09:16 UTC,research,CC-BY-NC,https://www.inaturalist.org/observations/144669398,https://inaturalist-open-data.s3.amazonaws.com/photos/248348917/medium.jpeg,,"",,2,0,false,2,Portugal,38.2670957745,-28.3569389954,26529,,,,26529,,,false,gps,gps,Portuguese Man o' War,Physalia physalis,Fragata portuguesa,Animalia,117302
144791845,6992351d-c526-4009-b0c1-06a865f386fe,2022-12-21 13:25:32-01:00,2022-12-21,2022-12-21 14:25:32 UTC,Azores,5322405,molmonahan9,,2022-12-21 14:26:34 UTC,2023-02-02 16:48:16 UTC,research,CC-BY-NC,https://www.inaturalist.org/observations/144791845,https://inaturalist-open-data.s3.amazonaws.com/photos/248593998/medium.jpg,,"","",6,0,false,3,"São Miguel Island, Povoação, PT",37.7301162158,-25.3083564679,9,,,,9,,,false,,,Portuguese Man o' War,Physalia physalis,Fragata portuguesa,Animalia,117302
145505159,ff0c0ff1-049e-4d50-adf5-d3e2454531e4,2022-12-31 12:21:50-01:00,2022-12-31,2022-12-31 13:21:50 UTC,Azores,3739080,zheng_chen,Zheng Chen,2022-12-31 14:58:05 UTC,2023-02-02 18:11:15 UTC,research,,https://www.inaturalist.org/observations/145505159,https://static.inaturalist.org/photos/249945739/medium.jpg,,"","",6,0,false,3,"Praia das Milícias, Ponta Delgada, 亚速尔群岛, PT",37.7505333333,-25.6230616667,11,,,,11,,,false,,,Portuguese Man o' War,Physalia physalis,Fragata portuguesa,Animalia,117302
145696728,261f76a6-df32-46cc-8e79-22aca48d7308,2022-12-03 12:00:59,2022-12-03,2022-12-03 13:00:59 UTC,Azores,4783098,gustavo_marino,Gustavo Marino,2023-01-02 21:33:28 UTC,2025-11-01 16:07:00 UTC,research,CC-BY-NC,https://www.inaturalist.org/observations/145696728,https://static.inaturalist.org/photos/250315206/medium.jpeg,,"",,5,0,false,2,"Conceição, 9600, Portugal",37.8227030997,-25.5286131,,,,,,,,false,gps,gps,Portuguese Man o' War,Physalia physalis,Fragata portuguesa,Animalia,117302
145853458,5cccacae-41ee-43c4-9213-ede1a5d2fa04,2022-12-01 12:23:22-01:00,2022-12-01,2022-12-01 13:23:22 UTC,Azores,4812200,isadoralhahn,Isadora Letícia,2023-01-04 21:32:46 UTC,2023-02-03 11:49:55 UTC,research,,https://www.inaturalist.org/observations/145853458,https://static.inaturalist.org/photos/250620687/medium.jpg,,"","",3,0,false,3,"Ilha de São Miguel, Ribeira Grande, Açores, PT",37.80724815,-25.4944941,17053,,,,17053,,,false,,,Portuguese Man o' War,Physalia physalis,Fragata portuguesa,Animalia,117302
146406959,2d8e7ee5-3e5b-44a2-8f4b-38a38e69c35e,2023-01-12 15:23:21,2023-01-12,2023-01-12 16:23:21 UTC,Azores,1111061,experiencenature,Luis Jordão,2023-01-12 16:25:11 UTC,2023-02-03 16:03:50 UTC,research,CC-BY-NC,https://www.inaturalist.org/observations/146406959,https://inaturalist-open-data.s3.amazonaws.com/photos/251702959/medium.jpeg,,"",,5,0,false,2,"Santa Cruz das Flores, PT-AC, PT",39.5087795,-31.2177411,3299,,,,3299,,,false,,,Portuguese Man o' War,Physalia physalis,Fragata portuguesa,Animalia,117302
148696748,c895cd70-3ca4-4cbc-a1dd-728b72f6db97,2022/07/01 9:20 PM,2022-07-01,2022-07-01 21:20:00 UTC,Azores,1301132,figlue,Filippo,2023-02-13 16:09:08 UTC,2023-08-09 08:57:24 UTC,research,CC-BY-NC,https://www.inaturalist.org/observations/148696748,https://inaturalist-open-data.s3.amazonaws.com/photos/256113356/medium.jpg,,"",,6,0,false,,"Santa Cruz das Flores, Portogallo",39.4584925868,-31.1258523771,49,,,,49,,,false,,,Physalie,Physalia physalis,Fragata portuguesa,Animalia,117302
148696751,7df878ed-65f9-41a3-b21c-dffa70acc95d,2022/06/28 4:45 PM,2022-06-28,2022-06-28 16:45:00 UTC,Azores,1301132,figlue,Filippo,2023-02-13 16:09:09 UTC,2023-08-09 08:57:16 UTC,research,CC-BY-NC,https://www.inaturalist.org/observations/148696751,https://inaturalist-open-data.s3.amazonaws.com/photos/256113604/medium.jpg,,"",,5,0,false,,"Lajes das Flores, PT-AC, PT",39.4530454368,-31.2745368353,1953,,,,1953,,,false,,,Physalie,Physalia physalis,Fragata portuguesa,Animalia,117302
149328542,e1c99dd3-df4b-48ab-b7a7-5f00836df65c,2023-02-09 16:18:21-01:00,2023-02-09,2023-02-09 17:18:21 UTC,Azores,1334913,zepedro96,José Pedro Silva,2023-02-21 15:59:16 UTC,2023-08-09 08:56:56 UTC,research,,https://www.inaturalist.org/observations/149328542,https://static.inaturalist.org/photos/257298536/medium.jpg,,"","",4,0,false,3,"Ilha de São Miguel, Ponta Delgada, Açores, PT",37.898155,-25.8224716667,4,,,,4,,,false,,,Portuguese Man o' War,Physalia physalis,Fragata portuguesa,Animalia,117302
149328586,be576cc7-c3cc-4b7a-9fac-da06a13b44f8,2023-02-09 16:19:00-01:00,2023-02-09,2023-02-09 17:19:00 UTC,Azores,1334913,zepedro96,José Pedro Silva,2023-02-21 15:59:37 UTC,2023-08-09 08:56:51 UTC,research,,https://www.inaturalist.org/observations/149328586,https://static.inaturalist.org/photos/257298548/medium.jpg,,"","",4,0,false,3,"Ilha de São Miguel, Ponta Delgada, Açores, PT",37.8981033333,-25.822605,4,,,,4,,,false,,,Portuguese Man o' War,Physalia physalis,Fragata portuguesa,Animalia,117302
149328627,eb6f152d-66fb-49d1-916d-38330255760c,2023-02-09 16:19:19-01:00,2023-02-09,2023-02-09 17:19:19 UTC,Azores,1334913,zepedro96,José Pedro Silva,2023-02-21 15:59:59 UTC,2023-08-09 08:56:47 UTC,research,,https://www.inaturalist.org/observations/149328627,https://static.inaturalist.org/photos/257298595/medium.jpg,,"","",4,0,false,3,"Ilha de São Miguel, Ponta Delgada, Açores, PT",37.8981383333,-25.8225833333,3,,,,3,,,false,,,Portuguese Man o' War,Physalia physalis,Fragata portuguesa,Animalia,117302
149328633,daec2202-3f6a-43cf-a02c-eafafd40653f,2023-02-09 16:19:28-01:00,2023-02-09,2023-02-09 17:19:28 UTC,Azores,1334913,zepedro96,José Pedro Silva,2023-02-21 16:00:07 UTC,2023-08-09 08:56:42 UTC,research,,https://www.inaturalist.org/observations/149328633,https://static.inaturalist.org/photos/257298611/medium.jpg,,"","",4,0,false,3,"Ilha de São Miguel, Ponta Delgada, Açores, PT",37.8981466667,-25.82265,3,,,,3,,,false,,,Portuguese Man o' War,Physalia physalis,Fragata portuguesa,Animalia,117302
149514091,1ee27896-e655-417a-9486-c142c48003eb,2023-02-23 14:38:47,2023-02-23,2023-02-23 15:38:47 UTC,Azores,1246153,beatrizvalerio_,Beatriz Valério,2023-02-23 23:32:47 UTC,2023-08-09 08:56:34 UTC,research,,https://www.inaturalist.org/observations/149514091,https://static.inaturalist.org/photos/257650606/medium.jpeg,,"",,6,0,false,2,"9700-030 Angra do Heroísmo, Portugal",38.6540946958,-27.2194480894,,,,,,,,false,gps,gps,Portuguese Man o' War,Physalia physalis,Fragata portuguesa,Animalia,117302
150829375,1205f936-c792-45d9-bdd4-7bc12a2a0ee3,2005/05/23 10:50 PM,2005-05-23,2005-05-23 22:50:00 UTC,Azores,2232417,karainio,Kalle Rainio,2023-03-11 16:43:09 UTC,2023-08-09 08:56:10 UTC,research,CC-BY-NC,https://www.inaturalist.org/observations/150829375,https://inaturalist-open-data.s3.amazonaws.com/photos/260150735/medium.jpeg,,"","",7,0,false,,"Rua do Jubileu 27, 9560-206 Água de Pau, Portugali",37.7176898066,-25.4838118351,840,,,,840,,,false,,,Portuguese Man o' War,Physalia physalis,Fragata portuguesa,Animalia,117302
151222305,ead706a2-50e6-4269-a7bd-439af0fd0a04,2023-03-15 12:47:59-01:00,2023-03-15,2023-03-15 13:47:59 UTC,Azores,6562219,luana_17,,2023-03-15 17:12:00 UTC,2023-08-09 08:56:00 UTC,research,CC-BY-NC,https://www.inaturalist.org/observations/151222305,https://inaturalist-open-data.s3.amazonaws.com/photos/260887770/medium.jpg,,"","",4,0,false,3,"Ilha do Faial, Horta, PT",38.5241883333,-28.6258366667,71,,,,71,,,false,,,Portuguese Man o' War,Physalia physalis,Fragata portuguesa,Animalia,117302
151714062,d6655bfe-2735-4804-a93c-3e7463c576e8,2023-03-19 12:04:25-01:00,2023-03-19,2023-03-19 13:04:25 UTC,Azores,241923,hllrnnr,Chuck Wilson,2023-03-20 09:40:29 UTC,2024-08-29 17:21:07 UTC,research,CC0,https://www.inaturalist.org/observations/151714062,https://inaturalist-open-data.s3.amazonaws.com/photos/261813783/medium.jpg,,"","",7,0,false,3,"São Miguel Island, Vila Franca do Campo, PT",37.71625,-25.4285966667,4,,,,4,,,false,,,Portuguese Man o' War,Physalia physalis,Fragata portuguesa,Animalia,117302
152352936,eeaaf6e5-0efd-4b7b-9b11-de3c320edabe,2023-03-26 10:22:12,2023-03-26,2023-03-26 11:22:12 UTC,Azores,4100491,drzenuno,JoseNuno GomesPereira,2023-03-26 10:32:09 UTC,2023-08-09 08:55:45 UTC,research,,https://www.inaturalist.org/observations/152352936,https://static.inaturalist.org/photos/262995863/medium.jpeg,,"",,3,0,false,2,"Isla de Faial, 9900, Portugal",38.556785,-28.609465,2,,,,2,,,false,,,Portuguese Man o' War,Physalia physalis,Fragata portuguesa,Animalia,117302
152839428,c13441d2-a7cf-44ca-b954-84ec08a23d07,2023-03-30 15:08:08,2023-03-30,2023-03-30 15:08:08 UTC,Azores,537817,mgraeff,m_graefd,2023-03-30 15:54:27 UTC,2023-08-09 08:55:41 UTC,research,CC-BY-NC,https://www.inaturalist.org/observations/152839428,https://inaturalist-open-data.s3.amazonaws.com/photos/263895057/medium.jpeg,,"",,6,0,false,2,"Água De Alto - Hotel Baía Palace, 9680, 9680, Portugal",37.7167979722,-25.47304,,,,,,,,false,gps,gps,Physalie,Physalia physalis,Fragata portuguesa,Animalia,117302
153026454,74a13598-7d6f-416f-b577-5994a4071bde,2023-03-25,2023-03-25,,Azores,5821982,portuguese,Portuguese Automotive,2023-04-01 10:51:56 UTC,2026-05-06 20:06:56 UTC,research,,https://www.inaturalist.org/observations/153026454,https://static.inaturalist.org/photos/264247516/medium.jpeg,,"",,2,0,false,2,"Santa Bárbara, 9600, Portugal",37.7429571615,-25.590358749,1702,,,,1702,,,false,,,Portuguese Man o' War,Physalia physalis,Fragata portuguesa,Animalia,117302
153028204,6de02169-7c44-484a-a180-a83841373cf5,2023-04-01 08:30:00,2023-04-01,2023-04-01 08:30:00 UTC,Azores,5821982,portuguese,Portuguese Automotive,2023-04-01 11:27:35 UTC,2023-08-09 08:55:33 UTC,research,,https://www.inaturalist.org/observations/153028204,https://static.inaturalist.org/photos/264250807/medium.jpeg,,"",Found along hundreads of others on the shore of Ponta Delgada,5,0,false,2,"Santa Bárbara, 9600, Portugal",37.7158031621,-25.4148235917,2071,,,,2071,,,false,gps,gps,Physalie,Physalia physalis,Fragata portuguesa,Animalia,117302
153363810,91be0193-2b15-4367-ae28-2d52a0486b64,2023-04-03 19:09:21,2023-04-03,2023-04-03 19:09:21 UTC,Azores,786014,martyandme,"",2023-04-03 20:09:52 UTC,2023-08-09 08:55:27 UTC,research,CC-BY-NC,https://www.inaturalist.org/observations/153363810,https://inaturalist-open-data.s3.amazonaws.com/photos/264873431/medium.jpeg,,"",,5,0,false,2,"9600 Ribeira Grande, Portugal",37.8215665997,-25.5302693,,,,,,,,false,gps,gps,Portuguese Man o' War,Physalia physalis,Fragata portuguesa,Animalia,117302
154248546,a100f512-4ceb-46c3-ad22-b58ad0a577f5,2023/04/08 10:08,2023-04-08,2023-04-08 10:08:00 UTC,Azores,4129424,laramartins1700,"",2023-04-10 10:10:01 UTC,2023-08-09 08:55:09 UTC,research,CC-BY-NC,https://www.inaturalist.org/observations/154248546,https://inaturalist-open-data.s3.amazonaws.com/photos/266504938/medium.jpeg,,"",,4,0,false,,"Horta, 9900, Portugal",38.6101548354,-28.7561025698,8,,,,8,,,false,,,Portuguese Man o' War,Physalia physalis,Fragata portuguesa,Animalia,117302
154248547,571f0c6b-8620-4a87-bb08-ba102874fc1b,2023/04/08 10:08,2023-04-08,2023-04-08 10:08:00 UTC,Azores,4129424,laramartins1700,"",2023-04-10 10:10:02 UTC,2023-08-09 08:54:48 UTC,research,CC-BY-NC,https://www.inaturalist.org/observations/154248547,https://inaturalist-open-data.s3.amazonaws.com/photos/266504945/medium.jpeg,,"",,4,0,false,,"Horta, 9900, Portugal",38.610161336,-28.7560462224,4,,,,4,,,false,,,Portuguese Man o' War,Physalia physalis,Fragata portuguesa,Animalia,117302
154248660,80e4793e-e4ec-4121-bcb0-571c94bc253e,2023/03/31 10:10,2023-03-31,2023-03-31 10:10:00 UTC,Azores,4129424,laramartins1700,"",2023-04-10 10:11:44 UTC,2023-08-09 08:23:27 UTC,research,CC-BY-NC,https://www.inaturalist.org/observations/154248660,https://inaturalist-open-data.s3.amazonaws.com/photos/266505229/medium.jpeg,,"",,4,0,false,,"Horta, Portugal",38.5263889089,-28.6282827117,4,,,,4,,,false,,,Portuguese Man o' War,Physalia physalis,Fragata portuguesa,Animalia,117302
154249173,5cd1eaf1-4bfe-45f3-bf49-8a8ec77a006d,2023-04-10 10:15:28,2023-04-10,2023-04-10 10:15:28 UTC,Azores,4100491,drzenuno,JoseNuno GomesPereira,2023-04-10 10:18:41 UTC,2023-08-09 08:23:07 UTC,research,,https://www.inaturalist.org/observations/154249173,https://static.inaturalist.org/photos/266506556/medium.jpeg,,"",,2,0,false,2,Portugal,38.4535865556,-28.54499625,,,,,,,,false,gps,gps,Caravela-portuguesa,Physalia physalis,Fragata portuguesa,Animalia,117302
154792889,9c0d0056-4c4f-4a0b-8b40-dbc1dc3fc4a4,2023-04-14 07:33:24,2023-04-14,2023-04-14 07:33:24 UTC,Azores,5034531,kristinjean,,2023-04-14 09:48:03 UTC,2026-05-13 17:48:02 UTC,research,CC-BY-NC,https://www.inaturalist.org/observations/154792889,https://inaturalist-open-data.s3.amazonaws.com/photos/267499262/medium.jpeg,,"",Dead,4,0,false,2,Azores,37.7270461219,-25.6755946577,228068,,,,228068,,,false,gps,gps,Portuguese Man o' War,Physalia physalis,Fragata portuguesa,Animalia,117302
154854637,e42de4af-4b14-4225-aef8-ba34feb751ef,2023-04-14 17:00:47Z,2023-04-14,2023-04-14 17:00:47 UTC,Azores,625496,charmaineanderson,charm,2023-04-14 18:37:44 UTC,2023-08-09 08:22:47 UTC,research,CC-BY-NC,https://www.inaturalist.org/observations/154854637,https://inaturalist-open-data.s3.amazonaws.com/photos/268826672/medium.jpg,,"","",2,0,false,3,"Praia Vinha D’areia, Vila Franca Do Campo, Azores, PT",37.7169616667,-25.4263716667,4,,,,4,,,false,,,Portuguese Man o' War,Physalia physalis,Fragata portuguesa,Animalia,117302
155493051,69920c54-79de-4ff0-8046-3c74734435db,2023-04-18 17:07:23,2023-04-18,2023-04-18 17:07:23 UTC,Azores,1720644,vovamanannikov,Vova Manannikov,2023-04-18 17:08:20 UTC,2024-01-15 09:09:37 UTC,research,CC-BY-NC,https://www.inaturalist.org/observations/155493051,https://inaturalist-open-data.s3.amazonaws.com/photos/268788501/medium.jpeg,,"",,5,0,false,2,"Ribeira Quente - Praia, 9675 Ribeira Quente, Португалия",37.7301649722,-25.3085659722,,,,,,,,false,gps,gps,Portuguese Man o' War,Physalia physalis,Fragata portuguesa,Animalia,117302
155819694,0b4c3bdf-42c3-4637-86fb-1adca34da5b0,2023-04-20 18:11:00Z,2023-04-20,2023-04-20 18:11:00 UTC,Azores,4807046,dxrio_gm,Darío Gijón Martínez,2023-04-20 23:12:01 UTC,2023-08-09 08:22:21 UTC,research,,https://www.inaturalist.org/observations/155819694,https://static.inaturalist.org/photos/269383972/medium.jpg,,"","",5,0,false,3,"Isla de San Miguel, Ponta Delgada, Azores, PT",37.8601084831,-25.8536194218,112,,,,112,,,false,,,Portuguese Man o' War,Physalia physalis,Fragata portuguesa,Animalia,117302
155968801,41a86469-6e1f-46ca-8268-b34c509a6468,2023-04-21 14:14:35Z,2023-04-21,2023-04-21 14:14:35 UTC,Azores,4807046,dxrio_gm,Darío Gijón Martínez,2023-04-21 23:32:02 UTC,2023-08-09 08:22:14 UTC,research,,https://www.inaturalist.org/observations/155968801,https://static.inaturalist.org/photos/269651738/medium.jpg,,"","",5,0,false,3,"Isla de San Miguel, Povoação, Azores, PT",37.739125,-25.1968033333,13,,,,13,,,false,,,Portuguese Man o' War,Physalia physalis,Fragata portuguesa,Animalia,117302
156696267,f9b931cd-4d8c-4bed-881d-f99e3a39a8d8,2023-04-23 15:49:30,2023-04-23,2023-04-23 15:49:30 UTC,Azores,2060932,sebeyes,Sébastien Lhoumeau,2023-04-26 06:07:43 UTC,2023-08-09 08:22:08 UTC,research,,https://www.inaturalist.org/observations/156696267,https://static.inaturalist.org/photos/270984235/medium.jpeg,,"",,4,0,false,2,"Sé, Portugal",38.6518301449,-27.2223940864,9,,,,9,,,false,gps,gps,Portuguese Man o' War,Physalia physalis,Fragata portuguesa,Animalia,117302
157151446,56f5ab6a-6c5b-4181-8f9b-6cb5eed8468e,2023-03-04 14:18:21,2023-03-04,2023-03-04 15:18:21 UTC,Azores,5407340,albarc,Alba rc,2023-04-28 15:17:19 UTC,2023-08-09 08:21:22 UTC,research,,https://www.inaturalist.org/observations/157151446,https://static.inaturalist.org/photos/271756415/medium.jpeg,,"",,6,0,false,2,Praia do Areal de Santa Bárbara,37.8189441682,-25.5418322235,207,,,,207,,,false,gps,gps,Physalie,Physalia physalis,Fragata portuguesa,Animalia,117302
157721421,a8b62012-7bd8-4e8a-b355-ac7f2d58e780,2023-04-29 09:18:11,2023-04-29,2023-04-29 09:18:11 UTC,Azores,5712150,inesleite96,,2023-04-29 18:48:35 UTC,2023-08-09 08:21:52 UTC,research,CC-BY-NC,https://www.inaturalist.org/observations/157721421,https://inaturalist-open-data.s3.amazonaws.com/photos/272659236/medium.jpeg,,"",,4,0,false,2,"Horta, Portugal",38.5246963005,-28.6300301179,22,,,,22,,,false,gps,gps,Portuguese Man o' War,Physalia physalis,Fragata portuguesa,Animalia,117302
157990152,0f48f4f5-32f3-411c-8ed4-6acdd8b32481,2023-04-29 17:12:19Z,2023-04-29,2023-04-29 17:12:19 UTC,Azores,6796311,alexredfern,,2023-04-30 07:48:51 UTC,2023-08-09 08:21:17 UTC,research,CC-BY-NC,https://www.inaturalist.org/observations/157990152,https://inaturalist-open-data.s3.amazonaws.com/photos/273102263/medium.jpg,,"","",6,0,false,3,"Azores, PT",37.8956475807,-25.8886978599,,,,,28329,obscured,,true,,,Portuguese Man o' War,Physalia physalis,Fragata portuguesa,Animalia,117302
158335435,683549fe-0c45-41fb-9afa-4085cd087554,Sun Apr 30 2023 18:54:58 GMT +0000 (GMT),2023-04-30,2023-04-30 18:54:58 UTC,Azores,4534186,possumessa,Mariia Snihyr,2023-04-30 22:13:39 UTC,2023-08-09 08:21:12 UTC,research,,https://www.inaturalist.org/observations/158335435,https://static.inaturalist.org/photos/273655419/medium.jpeg,,"",,4,0,false,333,Lajes Das Flores,39.3743400574,-31.2065124512,,,,,,,,false,,,Portuguese Man o' War,Physalia physalis,Fragata portuguesa,Animalia,117302
159158655,5918c42d-2062-4c72-9db8-3cea9931b196,2023/04/30 13:43,2023-04-30,2023-04-30 13:43:00 UTC,Azores,4129424,laramartins1700,"",2023-05-02 13:47:40 UTC,2023-08-09 08:21:02 UTC,research,CC-BY-NC,https://www.inaturalist.org/observations/159158655,https://inaturalist-open-data.s3.amazonaws.com/photos/274975520/medium.jpeg,,"",,3,0,false,,"Calheta, Portugal",38.547752041,-27.752497817,4,,,,4,,,false,,,Portuguese Man o' War,Physalia physalis,Fragata portuguesa,Animalia,117302
160906977,8242d2ff-da8a-4d09-b393-ee91366a44ff,2023-05-10 13:58:08Z,2023-05-10,2023-05-10 13:58:08 UTC,Azores,6133305,s4ch3r,,2023-05-10 14:04:28 UTC,2023-08-09 08:20:38 UTC,research,CC-BY-NC,https://www.inaturalist.org/observations/160906977,https://inaturalist-open-data.s3.amazonaws.com/photos/278087793/medium.jpg,,"","",4,0,false,3,"Praia de Água D'Alto, Grande, Vila Franca Do Campo, Azores, PT",37.716745,-25.4730633333,4,,,,4,,,false,,,Portuguese Man o' War,Physalia physalis,Fragata portuguesa,Animalia,117302
160976180,7b3bf4fc-9835-40a6-a8b5-ef7755d6b329,2023-05-10 12:11:00Z,2023-05-10,2023-05-10 12:11:00 UTC,Azores,4328937,manfredmair,m,2023-05-10 21:33:17 UTC,2023-08-09 08:20:33 UTC,research,CC-BY-NC,https://www.inaturalist.org/observations/160976180,https://inaturalist-open-data.s3.amazonaws.com/photos/278212529/medium.jpg,,"","",5,0,false,3,"São Miguel Island, Ponta Delgada, PT",37.8612966667,-25.8551,4,,,,4,,,false,,,Portuguese Man o' War,Physalia physalis,Fragata portuguesa,Animalia,117302
162000391,26113097-7674-4e8c-9e1b-79c2cbe8f02b,2023-05-15 09:47:12,2023-05-15,2023-05-15 09:47:12 UTC,Azores,2852396,zenzi1,Zenzi Martin,2023-05-16 17:11:18 UTC,2023-08-09 08:20:18 UTC,research,CC-BY-NC,https://www.inaturalist.org/observations/162000391,https://inaturalist-open-data.s3.amazonaws.com/photos/280067015/medium.jpeg,,"",,5,0,false,2,"Monte Queimado, 9900-025 Horta, Portugal",38.5249746,-28.6258197997,,,,,,,,false,gps,gps,Caravela-portuguesa,Physalia physalis,Fragata portuguesa,Animalia,117302
162301239,7da1257e-4e57-4f2c-b7d4-0e462de958a7,2023-05-18 13:51:55Z,2023-05-18,2023-05-18 13:51:55 UTC,Azores,495044,hdfortune,,2023-05-18 13:52:31 UTC,2023-08-09 08:19:50 UTC,research,,https://www.inaturalist.org/observations/162301239,https://static.inaturalist.org/photos/280624588/medium.jpg,,"","",5,0,false,3,"Praia da Viola, Ribeira Grande, PT",37.8390160343,-25.3665239644,231,,,,231,,,false,,,Caravela-portuguesa,Physalia physalis,Fragata portuguesa,Animalia,117302
163681925,bb0d49d0-8001-48cf-b677-ee51b061f14c,Thu May 25 2023 18:03:50 GMT +0000 (GMT),2023-05-25,2023-05-25 18:03:50 UTC,Azores,3804546,codrin_bucur,Codrin Bucur,2023-05-25 18:04:00 UTC,2023-08-09 08:19:34 UTC,research,CC-BY,https://www.inaturalist.org/observations/163681925,https://inaturalist-open-data.s3.amazonaws.com/photos/283127957/medium.jpeg,,"",,4,0,false,333,Ribeira Grande,37.8229064941,-25.4264297485,4,,,,4,,,false,,,Portuguese Man o' War,Physalia physalis,Fragata portuguesa,Animalia,117302
163682390,130952c8-e38d-4c81-add5-ff00e220dff1,Thu May 25 2023 18:06:36 GMT +0000 (GMT),2023-05-25,2023-05-25 18:06:36 UTC,Azores,3804546,codrin_bucur,Codrin Bucur,2023-05-25 18:06:47 UTC,2023-08-09 19:39:54 UTC,research,CC-BY,https://www.inaturalist.org/observations/163682390,https://inaturalist-open-data.s3.amazonaws.com/photos/283128705/medium.jpeg,,"",,3,0,false,333,Ribeira Grande,37.8229370117,-25.4262657166,4,,,,4,,,false,,,Portuguese Man o' War,Physalia physalis,Fragata portuguesa,Animalia,117302
163682688,7f956636-344e-40fd-821e-6d27abbdad26,Thu May 25 2023 18:08:59 GMT +0000 (GMT),2023-05-25,2023-05-25 18:08:59 UTC,Azores,3841483,robinia396,Magdalena Nogaj,2023-05-25 18:09:17 UTC,2023-08-09 08:19:24 UTC,research,CC-BY,https://www.inaturalist.org/observations/163682688,https://static.inaturalist.org/photos/283129405/medium.jpeg,,"",,4,0,false,333,Ribeira Grande,37.8229675293,-25.4261932373,511,,,,511,,,false,,,Portuguese Man o' War,Physalia physalis,Fragata portuguesa,Animalia,117302
164632835,2231e2a6-1632-4dc8-800c-7bba24672b62,2023-05-30 11:20:39Z,2023-05-30,2023-05-30 11:20:39 UTC,Azores,6562219,luana_17,,2023-05-30 14:27:22 UTC,2023-08-09 08:18:44 UTC,research,CC-BY-NC,https://www.inaturalist.org/observations/164632835,https://inaturalist-open-data.s3.amazonaws.com/photos/284878045/medium.jpg,,"","",4,0,false,3,PT,38.3959616667,-28.4280166667,4,,,,4,,,false,,,Portuguese Man o' War,Physalia physalis,Fragata portuguesa,Animalia,117302
164781805,f1472030-a625-4adf-bfbf-ddda051b300b,2023-05-29 10:19:04,2023-05-29,2023-05-29 12:19:04 UTC,Etc/GMT+2,1410705,addshore,Addshore,2023-05-31 10:22:52 UTC,2025-12-19 14:08:23 UTC,research,CC-BY,https://www.inaturalist.org/observations/164781805,https://inaturalist-open-data.s3.amazonaws.com/photos/285157874/medium.jpeg,,"",,2,0,false,2,,37.7930138889,-31.9920333333,,,,,,,,false,gps,gps,Portuguese Man o' War,Physalia physalis,Fragata portuguesa,Animalia,117302
164948750,fdfd0469-85c9-45da-a8fd-3483c2a48694,2023-05-31 18:42:40,2023-05-31,2023-05-31 18:42:40 UTC,Azores,1410705,addshore,Addshore,2023-06-01 09:37:28 UTC,2023-08-09 08:18:59 UTC,research,CC-BY,https://www.inaturalist.org/observations/164948750,https://inaturalist-open-data.s3.amazonaws.com/photos/285468695/medium.jpeg,,"",,4,0,false,2,"Ilha das Flores, Lajes das Flores, Portugal",39.3788528044,-31.1688479036,155,,,,155,,,false,gps,gps,Portuguese Man o' War,Physalia physalis,Fragata portuguesa,Animalia,117302
164948762,91bae9ef-f764-414d-ab4c-dbdb17135e76,2023-05-31 18:42:54,2023-05-31,2023-05-31 18:42:54 UTC,Azores,1410705,addshore,Addshore,2023-06-01 09:37:39 UTC,2023-08-09 08:18:50 UTC,research,CC-BY,https://www.inaturalist.org/observations/164948762,https://inaturalist-open-data.s3.amazonaws.com/photos/285468729/medium.jpeg,,"",,4,0,false,2,"Ilha das Flores, Lajes das Flores, Portugal",39.3788434747,-31.1687241867,113,,,,113,,,false,gps,gps,Portuguese Man o' War,Physalia physalis,Fragata portuguesa,Animalia,117302
164988478,6cdac414-7d4e-4331-a49d-f04a24d45d20,2023-06-01 13:18:23,2023-06-01,2023-06-01 13:18:23 UTC,Azores,1410705,addshore,Addshore,2023-06-01 15:29:38 UTC,2023-08-09 08:18:54 UTC,research,CC-BY,https://www.inaturalist.org/observations/164988478,https://inaturalist-open-data.s3.amazonaws.com/photos/285538732/medium.jpeg,,"",,4,0,false,2,"Ilha das Flores, Lajes das Flores, Portugal",39.379465,-31.1694059722,,,,,,,,false,gps,gps,Portuguese Man o' War,Physalia physalis,Fragata portuguesa,Animalia,117302
165319511,24ef735b-d343-4f4f-8ebc-f15e115dfb73,2023-04-09 13:35:29,2023-04-09,2023-04-09 13:35:29 UTC,Azores,6984691,alexcascao,Alexandre Cascao,2023-06-03 15:23:42 UTC,2024-05-19 01:47:36 UTC,research,,https://www.inaturalist.org/observations/165319511,https://static.inaturalist.org/photos/286158906/medium.jpeg,,"",,4,0,false,2,"Monte Queimado, 9900-025 Horta, Portugal",38.5246555556,-28.6257444444,,,,,,,,false,gps,gps,Portuguese Man o' War,Physalia physalis,Fragata portuguesa,Animalia,117302
165510280,28c48baa-1925-41fe-83d9-56df40db68b0,2023-06-03 17:51:29,2023-06-03,2023-06-03 17:51:29 UTC,Azores,3097249,zsofia_varga_szilay,Zsófia Varga-Szilay,2023-06-04 14:31:27 UTC,2023-06-14 08:18:28 UTC,research,CC-BY-NC,https://www.inaturalist.org/observations/165510280,https://inaturalist-open-data.s3.amazonaws.com/photos/286509130/medium.jpeg,,"",,4,0,false,2,Portugal,38.803415,-27.257092,,,,,,,,false,gps,gps,Caravela-portuguesa,Physalia physalis,Fragata portuguesa,Animalia,117302
165595083,f31c240c-b2e4-4db4-87d8-31e16893a9a0,2023-06-04 21:02:04Z,2023-06-04,2023-06-04 21:02:04 UTC,Azores,3129398,alexandrateodosio,Alexandra Teodósio,2023-06-04 21:03:02 UTC,2024-05-19 01:46:51 UTC,research,CC-BY-NC,https://www.inaturalist.org/observations/165595083,https://inaturalist-open-data.s3.amazonaws.com/photos/286662755/medium.jpg,,"","",4,0,false,3,"Ilha de Santa Maria, Vila do Porto, PT",36.9514702029,-25.1002081045,393,,,,393,,,false,,,Portuguese Man o' War,Physalia physalis,Fragata portuguesa,Animalia,117302
166550415,ebef72e1-1b3f-4899-b39e-bd463ba9a4f1,2023-06-08 18:11:42,2023-06-08,2023-06-08 18:11:42 UTC,Azores,1091608,eduardorealinho,Eduardo Realinho,2023-06-10 08:30:49 UTC,2023-06-14 08:10:24 UTC,research,,https://www.inaturalist.org/observations/166550415,https://static.inaturalist.org/photos/288429583/medium.jpeg,,"",,5,0,false,2,"Biscoitos, Portugal",38.8026872,-27.2569435997,,,,,,,,false,gps,gps,Portuguese Man o' War,Physalia physalis,Fragata portuguesa,Animalia,117302
168463718,0834c142-ee3f-40f6-ae87-b770a7a28c03,2023-04-05 15:27:46,2023-04-05,2023-04-05 15:27:46 UTC,Azores,6984691,alexcascao,Alexandre Cascao,2023-06-20 10:52:20 UTC,2025-10-17 15:51:31 UTC,research,,https://www.inaturalist.org/observations/168463718,https://static.inaturalist.org/photos/291962376/medium.jpeg,,"",,6,0,false,2,Portugal,38.4746516667,-28.7098683333,,,,,,,,false,gps,gps,Portuguese Man o' War,Physalia physalis,Fragata portuguesa,Animalia,117302
169016985,a40eb24e-ebad-4e55-ba69-3b228a2f9ceb,2023-06-23 15:21:54Z,2023-06-23,2023-06-23 15:21:54 UTC,Azores,1043378,bettemiep,,2023-06-23 16:15:50 UTC,2024-05-19 01:42:23 UTC,research,,https://www.inaturalist.org/observations/169016985,https://static.inaturalist.org/photos/292986296/medium.jpg,,"","",5,0,false,3,PT,38.4988103504,-28.5613299614,44018,,,,44018,,,false,,,Portuguese Man o' War,Physalia physalis,Fragata portuguesa,Animalia,117302
169443534,f9d2e230-b0f8-476d-87e9-4b16779e53fd,Sat Jun 24 2023 15:55:37 GMT +0000 (GMT),2023-06-24,2023-06-24 15:55:37 UTC,Azores,4367329,creepiecrawlie,,2023-06-25 19:21:08 UTC,2023-08-18 21:52:07 UTC,research,CC-BY-NC,https://www.inaturalist.org/observations/169443534,https://inaturalist-open-data.s3.amazonaws.com/photos/293764159/medium.jpeg,,"",,4,0,false,333,Vila Franca Do Campo,37.7054138184,-25.4436950684,,,,,,,,false,,,Portuguese Man o' War,Physalia physalis,Fragata portuguesa,Animalia,117302
169752723,d2ac61ee-0fac-4cd5-82c0-7ddad66a39bf,2023-06-27 10:57:41,2023-06-27,2023-06-27 10:57:41 UTC,Azores,4100491,drzenuno,JoseNuno GomesPereira,2023-06-27 11:50:07 UTC,2025-07-02 11:39:20 UTC,research,,https://www.inaturalist.org/observations/169752723,https://static.inaturalist.org/photos/294331522/medium.jpeg,,"",,2,0,false,2,Portugal,38.6431579444,-28.4122371667,,,,,,,,false,,,Portuguese Man o' War,Physalia physalis,Fragata portuguesa,Animalia,117302
170726107,2e1e2395-0279-4490-8963-5f8788b82f0a,2023-07-02 15:09:22Z,2023-07-02,2023-07-02 15:09:22 UTC,Azores,5877650,derrekdrach,,2023-07-02 21:15:22 UTC,2024-05-19 01:41:24 UTC,research,CC-BY-NC,https://www.inaturalist.org/observations/170726107,https://inaturalist-open-data.s3.amazonaws.com/photos/296154159/medium.jpg,,"","",5,0,false,3,"Praia da Viola, Ribeira Grande, Azores, PT",37.8388033333,-25.36807,4,,,,4,,,false,,,Portuguese Man o' War,Physalia physalis,Fragata portuguesa,Animalia,117302
171452662,e09efa12-81b3-40f3-a966-72772072045e,2023-07-06 17:43:43,2023-07-06,2023-07-06 17:43:43 UTC,Azores,2780447,chris1732,Chris Ling,2023-07-06 21:11:11 UTC,2024-05-19 01:40:26 UTC,research,,https://www.inaturalist.org/observations/171452662,https://static.inaturalist.org/photos/297514126/medium.jpeg,,"",,5,0,false,2,"Ribeira Seca, 9600, Portugal",37.8177068997,-25.5457782997,,,,,,,,false,gps,gps,Caravela-portuguesa,Physalia physalis,Fragata portuguesa,Animalia,117302
172896254,37fb6a88-776d-4a57-a19b-c32bd549db2a,2023-07-14 19:46:22,2023-07-14,2023-07-14 19:46:22 UTC,Azores,5307423,mafaldaalbuquerque,Mafalda Albuquerque,2023-07-14 19:48:31 UTC,2023-08-23 09:34:55 UTC,research,,https://www.inaturalist.org/observations/172896254,https://static.inaturalist.org/photos/300200533/medium.jpeg,,"",,5,0,false,2,Portugal,38.5862933269,-28.3456435427,9,,,,9,,,false,gps,gps,Portuguese Man o' War,Physalia physalis,Fragata portuguesa,Animalia,117302
176744891,ccc629d7-071f-4eed-9c7a-feebd99804e6,2023/07/16 12:30 PM,2023-07-16,2023-07-16 12:30:00 UTC,Azores,5665219,birdlovers,,2023-08-05 10:35:52 UTC,2023-11-02 16:23:58 UTC,research,CC-BY-NC,https://www.inaturalist.org/observations/176744891,https://inaturalist-open-data.s3.amazonaws.com/photos/307321789/medium.jpeg,,"",,2,0,false,,"Ponta Delgada, Portugal",37.7255728782,-25.6523646692,233,,,,233,,,false,,,Caravela-portuguesa,Physalia physalis,Fragata portuguesa,Animalia,117302
176745329,6fdd6071-9333-49b2-b113-fbbfba045f11,2023-08-05 10:37:28,2023-08-05,2023-08-05 10:37:28 UTC,Azores,4100491,drzenuno,JoseNuno GomesPereira,2023-08-05 10:41:28 UTC,2025-07-06 16:08:15 UTC,research,,https://www.inaturalist.org/observations/176745329,https://static.inaturalist.org/photos/307322608/medium.jpeg,,"",,2,0,false,2,Portugal,38.6666816667,-28.4603833333,3,,,,3,,,false,,,Portuguese Man o' War,Physalia physalis,Fragata portuguesa,Animalia,117302
176866325,044bbe3e-e930-4090-b42d-e693431b6612,2023-08-05 14:23:56Z,2023-08-05,2023-08-05 14:23:56 UTC,Azores,652590,silviatav,Sílvia Tavares,2023-08-05 23:05:38 UTC,2023-11-06 11:25:52 UTC,research,,https://www.inaturalist.org/observations/176866325,https://static.inaturalist.org/photos/307539394/medium.jpg,,"","",4,0,false,3,"Lajes das Flores, PT",39.3777533333,-31.1618471667,,,,,,,,false,,,Portuguese Man o' War,Physalia physalis,Fragata portuguesa,Animalia,117302
177634561,cc6ca75b-4601-4071-b9a6-4162b78d9ae2,2022/10/14 13:25,2022-10-14,2022-10-14 13:25:00 UTC,Azores,7213789,pfeifehe,Helmut Pfeifenberger,2023-08-10 08:13:51 UTC,2023-11-06 16:03:08 UTC,research,CC-BY-NC,https://www.inaturalist.org/observations/177634561,https://inaturalist-open-data.s3.amazonaws.com/photos/308978984/medium.jpeg,,"","",5,0,false,,"Corvo, PT-AC, PT",39.6723959426,-31.1217221618,4,,,,4,,,false,,,Portugiesische Galeere,Physalia physalis,Fragata portuguesa,Animalia,117302
178554513,e673b254-6802-43f8-ba2c-e1d2cdee6f91,2022/08/15 11:02 AM,2022-08-15,2022-08-15 11:02:00 UTC,Azores,7216323,threedaoist,3Daoist,2023-08-15 16:54:51 UTC,2023-11-07 17:00:42 UTC,research,CC-BY-NC,https://www.inaturalist.org/observations/178554513,https://inaturalist-open-data.s3.amazonaws.com/photos/310722295/medium.jpg,,"",,4,0,false,,"Prainha, Portugal",38.477499,-28.204631,,,,,,,,false,,,Portuguese Man o' War,Physalia physalis,Fragata portuguesa,Animalia,117302
179938570,0e2ee2f6-4f11-4979-a3b0-f60aadddaec0,2023-08-23 14:16:24,2023-08-23,2023-08-23 14:16:24 UTC,Azores,4125724,nikolas_linke,Nikolas Linke,2023-08-24 07:38:45 UTC,2024-05-19 01:22:50 UTC,research,CC-BY-NC,https://www.inaturalist.org/observations/179938570,https://inaturalist-open-data.s3.amazonaws.com/photos/313352668/medium.jpeg,,"",,3,0,false,2,"Praia do Norte, 9900, Portugal",38.6103809722,-28.7551699722,,,,,,,,false,gps,gps,Portugiesische Galeere,Physalia physalis,Fragata portuguesa,Animalia,117302
180001094,c693319c-5a15-49d7-a10f-ce5aa7a2dc0e,2023-08-24 17:42:22,2023-08-24,2023-08-24 17:42:22 UTC,Azores,6114100,carolinecorwin,Caroline Corwin,2023-08-24 17:43:06 UTC,2024-05-19 01:22:44 UTC,research,,https://www.inaturalist.org/observations/180001094,https://static.inaturalist.org/photos/313469156/medium.jpeg,,"",,4,0,false,2,"Ribeira Grande, PT-AC, PT",37.8188064449,-25.5427257344,9,,,,9,,,false,gps,gps,Portuguese Man o' War,Physalia physalis,Fragata portuguesa,Animalia,117302
180131371,d2e88b7d-6e59-4ec0-ac04-0a900c02d7aa,2021/06/09 5:43 PM,2021-06-09,2021-06-09 17:43:00 UTC,Azores,761107,jaigol,"",2023-08-25 15:57:20 UTC,2023-11-09 16:13:28 UTC,research,CC-BY-NC,https://www.inaturalist.org/observations/180131371,https://inaturalist-open-data.s3.amazonaws.com/photos/313717216/medium.jpg,,"",,5,0,false,,"9700 Angra do Heroísmo, Portugal",38.6566538056,-27.2295805833,,,,,,,,false,,,Fragata portuguesa,Physalia physalis,Fragata portuguesa,Animalia,117302
180441244,53237b76-32a7-4be3-b487-c3c068b6bf8c,2023-08-27 11:06:03,2023-08-27,2023-08-27 11:06:03 UTC,Azores,1033704,martalgms,"",2023-08-27 14:13:53 UTC,2024-05-19 01:20:04 UTC,research,,https://www.inaturalist.org/observations/180441244,https://static.inaturalist.org/photos/316061281/medium.jpeg,,"",,3,0,false,2,"Rua Fontes Pereira De Melo, 138, Vila Da Praia, Ilha Da Graciosa, 9880 Praia, Portugal",39.0512547075,-27.9707290605,18,,,,18,,,false,,,Caravela-portuguesa,Physalia physalis,Fragata portuguesa,Animalia,117302
181077008,32de1da7-1a06-4d51-9a95-7df9db407fce,2022-05-17 22:43:23,2022-05-17,2022-05-17 22:43:23 UTC,Azores,7310880,manonghislain,Manon Ghislain,2023-08-31 17:05:27 UTC,2024-06-08 18:17:48 UTC,research,,https://www.inaturalist.org/observations/181077008,https://static.inaturalist.org/photos/315532337/medium.jpg,,"Physalie, physalia, physalis, galère, portugaise, azores, açores, Galère portugaise",Physalia physalis,4,0,false,,"Ponta Delgada (São Sebastião), Açores, Portugal",37.74015,-25.670585,,,,,,,,false,,"",Physalie,Physalia physalis,Fragata portuguesa,Animalia,117302
181626391,d8d81b01-4458-48ff-b2b5-53f02bd0c76e,2021/06/12 10:30 AM,2021-06-12,2021-06-12 10:30:00 UTC,Azores,5032410,ben_b41,,2023-09-03 20:22:26 UTC,2024-05-25 03:27:15 UTC,research,CC-BY-NC,https://www.inaturalist.org/observations/181626391,https://inaturalist-open-data.s3.amazonaws.com/photos/316516111/medium.jpeg,,"",,4,0,false,,"Lajes das Flores, Portugal",39.3764669399,-31.2034168503,829,,,,829,,,false,,,Portuguese Man o' War,Physalia physalis,Fragata portuguesa,Animalia,117302
181935284,a785a2c5-9321-4739-9895-6208482398b3,2023-09-05 17:33:51Z,2023-09-05,2023-09-05 17:33:51 UTC,Azores,743947,rpuschen,Robert Puschendorf,2023-09-05 17:34:22 UTC,2024-05-19 01:17:54 UTC,research,,https://www.inaturalist.org/observations/181935284,https://static.inaturalist.org/photos/317121024/medium.jpg,,"","",3,0,false,3,"São Miguel Island, Ribeira Grande, Azores, PT",37.8182688223,-25.5444461763,222,,,,222,,,false,,,Portuguese Man o' War,Physalia physalis,Fragata portuguesa,Animalia,117302
182791983,2cf530c4-6e8b-46db-a786-fd157a582910,2021/06/12 10:07 AM,2021-06-12,2021-06-12 10:07:00 UTC,Azores,761107,jaigol,"",2023-09-11 11:32:39 UTC,2023-11-21 12:30:31 UTC,research,CC-BY-NC,https://www.inaturalist.org/observations/182791983,https://inaturalist-open-data.s3.amazonaws.com/photos/318776546/medium.png,,"",,4,0,false,,"Angra do Heroísmo, PT-AC, PT",38.643930875,-27.2592541381,1000,,,,1000,,,false,,,Fragata portuguesa,Physalia physalis,Fragata portuguesa,Animalia,117302
188901184,29f9fff5-35c9-43ce-a49b-5cacbb9ee57c,2023-10-25 15:07:34,2023-10-25,2023-10-25 15:07:34 UTC,Azores,7198630,kanuklabauter,,2023-10-25 15:10:05 UTC,2023-12-13 13:42:07 UTC,research,CC-BY-NC,https://www.inaturalist.org/observations/188901184,https://inaturalist-open-data.s3.amazonaws.com/photos/330761688/medium.jpeg,,"",,5,0,false,2,"Mosteiros, Portugal",37.898105,-25.822695,5,,,,5,,,false,,,Portugiesische Galeere,Physalia physalis,Fragata portuguesa,Animalia,117302
189611076,16ec1644-d3d6-4a4b-a46b-8ac3f2b818d8,2023-10-31 16:33:08-01:00,2023-10-31,2023-10-31 17:33:08 UTC,Azores,1818437,martine_lapointe,Martine Lapointe,2023-10-31 22:59:40 UTC,2025-05-03 02:32:42 UTC,research,CC-BY-NC,https://www.inaturalist.org/observations/189611076,https://inaturalist-open-data.s3.amazonaws.com/photos/332208256/medium.jpg,,"","",6,0,false,3,"Praia Ribeira Quente, Povoação, Açores, PT",37.73062,-25.3099716667,,,,,,,,false,,,Physalie,Physalia physalis,Fragata portuguesa,Animalia,117302
189747000,0b4d43a6-b1d7-493b-b350-90b0bbfc5562,2017/07/18 12:12,2017-07-18,2017-07-18 12:12:00 UTC,Azores,6953054,marcameels,,2023-11-02 11:13:20 UTC,2023-12-13 15:56:59 UTC,research,CC-BY-NC,https://www.inaturalist.org/observations/189747000,https://inaturalist-open-data.s3.amazonaws.com/photos/332484334/medium.jpeg,,"",,8,0,false,,"Lajes do Pico, PT-AC, PT",38.3773,-28.2763,,,,,,,,false,,,Physalie,Physalia physalis,Fragata portuguesa,Animalia,117302
192235611,bd880e0f-917f-448d-9bcb-2c66de33078f,2023/05/27 1:41 PM,2023-05-27,2023-05-27 13:41:00 UTC,Azores,7174243,felix38768,Félix Pina Castillo,2023-11-26 19:18:38 UTC,2024-01-04 08:29:53 UTC,research,,https://www.inaturalist.org/observations/192235611,https://static.inaturalist.org/photos/337418946/medium.jpg,,"",,3,0,false,,"Ribeira Grande, Portugal",37.8168336495,-25.547546522,623,,,,623,,,false,,,Portuguese Man o' War,Physalia physalis,Fragata portuguesa,Animalia,117302
192711569,bf499aea-04a0-4c0b-bcf6-7d36d4768182,2016/06/04 15:34,2016-06-04,2016-06-04 15:34:00 UTC,Azores,5339666,kr_greinwald,Konrad and Roland Greinwald,2023-12-01 10:40:56 UTC,2024-01-04 08:29:47 UTC,research,CC-BY-NC,https://www.inaturalist.org/observations/192711569,https://inaturalist-open-data.s3.amazonaws.com/photos/338366513/medium.jpeg,,"","",4,0,false,,"Vila Franca do Campo, Portugal",37.7156648185,-25.471130547,57,,,,57,,,false,,,Portugiesische Galeere,Physalia physalis,Fragata portuguesa,Animalia,117302
193700048,f2b657d2-0257-415a-b4cd-4ff4c190f7b9,2023-12-11 10:22:39,2023-12-11,2023-12-11 11:22:39 UTC,Azores,4710266,giseladionisio,Gisela Dionisio,2023-12-11 11:24:37 UTC,2024-05-25 02:46:51 UTC,research,CC-BY-NC,https://www.inaturalist.org/observations/193700048,https://inaturalist-open-data.s3.amazonaws.com/photos/341988486/medium.jpeg,,"",,4,0,false,2,"Horta, PT-AC, PT",38.5305191,-28.6354566,156,,,,156,,,false,,,Caravela-portuguesa,Physalia physalis,Fragata portuguesa,Animalia,117302
194538197,ce41a250-df80-4c87-ab0a-b725c5d72543,2023-07-25 18:23:10,2023-07-25,2023-07-25 18:23:10 UTC,Azores,7686805,nicotche,Nicolas Tcherepoff,2023-12-21 23:49:22 UTC,2024-05-25 02:45:17 UTC,research,,https://www.inaturalist.org/observations/194538197,https://static.inaturalist.org/photos/341983123/medium.jpeg,,"",,4,0,false,2,"Ilha das Flores, 9960, Portugal",39.4534906835,-31.2667673081,25,,,,25,,,false,gps,gps,Physalie,Physalia physalis,Fragata portuguesa,Animalia,117302
197231149,18d480f4-08a6-4719-8d7c-fe90b2ae0dc4,2024-01-21 09:52:58,2024-01-21,2024-01-21 10:52:58 UTC,Azores,761527,centaur,Theodore,2024-01-21 15:37:31 UTC,2025-08-16 13:31:27 UTC,research,CC-BY-NC,https://www.inaturalist.org/observations/197231149,https://inaturalist-open-data.s3.amazonaws.com/photos/347323530/medium.jpeg,,"",,4,0,false,2,"Ribeira Chã - Entrada Secundária, 9680, Portugal",37.7183786863,-25.4821212217,9,,,,9,,,false,gps,gps,Portuguese Man o' War,Physalia physalis,Fragata portuguesa,Animalia,117302
199359309,32d0d645-dd3e-4ee2-b675-fd0f11eefee2,2024/02/15 10:41 AM,2024-02-15,2024-02-15 11:41:00 UTC,Azores,1138701,maremimar,Maria Emília Martins,2024-02-15 13:21:24 UTC,2024-04-01 08:15:09 UTC,research,CC-BY-NC-SA,https://www.inaturalist.org/observations/199359309,https://inaturalist-open-data.s3.amazonaws.com/photos/351566530/medium.jpg,,"","",3,0,false,,Praia do Porto Pim,38.524819,-28.625721,,,,,,,,false,,,Caravela-portuguesa,Physalia physalis,Fragata portuguesa,Animalia,117302
199359355,d4d520d9-b9ab-40a2-a760-75e63c4bc53a,2024/02/15 10:47 AM,2024-02-15,2024-02-15 11:47:00 UTC,Azores,1138701,maremimar,Maria Emília Martins,2024-02-15 13:22:33 UTC,2024-04-01 08:15:04 UTC,research,CC-BY-NC-SA,https://www.inaturalist.org/observations/199359355,https://inaturalist-open-data.s3.amazonaws.com/photos/351566668/medium.jpg,,"","",4,0,false,,Praia do Porto Pim,38.524819,-28.625721,,,,,,,,false,,,Caravela-portuguesa,Physalia physalis,Fragata portuguesa,Animalia,117302
200070019,5774a0fa-006b-4086-b24d-dfa5f400ce2f,2022-06-06 19:09:26,2022-06-06,2022-06-06 19:09:26 UTC,Azores,681404,rogiervanvugt,"",2024-02-22 07:24:40 UTC,2024-04-15 20:17:14 UTC,research,CC-BY-NC,https://www.inaturalist.org/observations/200070019,https://inaturalist-open-data.s3.amazonaws.com/photos/352917791/medium.jpeg,,"",,5,0,false,2,"Monte da Guia - Horta, 9900-124 Horta, Portugal",38.5238199514,-28.626175113,759,,,,759,,,false,gps,gps,Portuguese Man o' War,Physalia physalis,Fragata portuguesa,Animalia,117302
200445227,5cd559da-2b24-48f3-8002-ac69064aa937,2024/02/25 8:02 AM,2024-02-25,2024-02-25 09:02:00 UTC,Azores,1224052,mr355341,MFarn,2024-02-25 21:52:52 UTC,2024-03-04 10:41:55 UTC,research,CC-BY-NC,https://www.inaturalist.org/observations/200445227,https://inaturalist-open-data.s3.amazonaws.com/photos/353647600/medium.jpg,,"",,4,0,false,,"Ribeira Grande, Portugal",37.8174121493,-25.5462803853,17,,,,17,,,false,,,Portuguese Man o' War,Physalia physalis,Fragata portuguesa,Animalia,117302
200445230,667ae8bb-3f7b-4fc2-b541-85552065af57,2024/02/25 8:02 AM,2024-02-25,2024-02-25 09:02:00 UTC,Azores,1224052,mr355341,MFarn,2024-02-25 21:52:53 UTC,2024-03-04 10:41:50 UTC,research,CC-BY-NC,https://www.inaturalist.org/observations/200445230,https://inaturalist-open-data.s3.amazonaws.com/photos/353647620/medium.jpg,,"",,4,0,false,,"Ribeira Grande, Portugal",37.817404741,-25.5463919995,19,,,,19,,,false,,,Portuguese Man o' War,Physalia physalis,Fragata portuguesa,Animalia,117302
200445882,1b42f244-ad37-404f-bbe4-ee537f16496e,2024/02/25 8:07 AM,2024-02-25,2024-02-25 09:07:00 UTC,Azores,1224052,mr355341,MFarn,2024-02-25 21:58:46 UTC,2024-03-04 10:41:46 UTC,research,CC-BY-NC,https://www.inaturalist.org/observations/200445882,https://inaturalist-open-data.s3.amazonaws.com/photos/353649214/medium.jpg,,"",,4,0,false,,"Ribeira Grande, Portugal",37.8160628508,-25.550364901,21,,,,21,,,false,,,Portuguese Man o' War,Physalia physalis,Fragata portuguesa,Animalia,117302
200445883,0ae80d5a-b982-41be-bd38-888ec79f5bd1,2024/02/25 8:20 AM,2024-02-25,2024-02-25 09:20:00 UTC,Azores,1224052,mr355341,MFarn,2024-02-25 21:58:46 UTC,2024-03-04 10:41:41 UTC,research,CC-BY-NC,https://www.inaturalist.org/observations/200445883,https://inaturalist-open-data.s3.amazonaws.com/photos/353649218/medium.jpg,,"",,4,0,false,,"Ribeira Grande, Portugal",37.8153508673,-25.5522609913,20,,,,20,,,false,,,Portuguese Man o' War,Physalia physalis,Fragata portuguesa,Animalia,117302
200445887,f648ca87-2877-4d48-9a47-1e21c537960e,2024/02/25 8:37 AM,2024-02-25,2024-02-25 09:37:00 UTC,Azores,1224052,mr355341,MFarn,2024-02-25 21:58:47 UTC,2024-03-04 10:41:36 UTC,research,CC-BY-NC,https://www.inaturalist.org/observations/200445887,https://inaturalist-open-data.s3.amazonaws.com/photos/353649259/medium.jpg,,"",,4,0,false,,"Ribeira Grande, Portugal",37.8152687625,-25.5532102475,3,,,,3,,,false,,,Portuguese Man o' War,Physalia physalis,Fragata portuguesa,Animalia,117302
202065862,aa991b9f-adc0-4b66-b3d8-a2b800f27001,2022-07-11 17:57:27,2022-07-11,2022-07-11 17:57:27 UTC,Azores,5945848,bruno_r,Bruno Rosa,2024-03-11 17:17:12 UTC,2024-05-25 02:14:51 UTC,research,,https://www.inaturalist.org/observations/202065862,https://static.inaturalist.org/photos/356803519/medium.jpeg,,"",,5,0,false,2,"Aeródromo do Corvo, 9980 Corvo, Portugal",39.6721537,-31.1218903,,,,,,,,false,gps,gps,Portuguese Man o' War,Physalia physalis,Fragata portuguesa,Animalia,117302
203085680,87ce2b5f-3ed0-42b7-8990-a4757d1db87d,2024-03-16 11:38:59,2024-03-16,2024-03-16 12:38:59 UTC,Azores,4125724,nikolas_linke,Nikolas Linke,2024-03-19 10:44:22 UTC,2024-04-01 08:13:46 UTC,research,CC-BY-NC,https://www.inaturalist.org/observations/203085680,https://inaturalist-open-data.s3.amazonaws.com/photos/358766560/medium.jpeg,,"",,3,0,false,2,"São Roque - Barracuda, 9500 São Roque, Portugal",37.751102,-25.6259489722,,,,,,,,false,gps,gps,Portugiesische Galeere,Physalia physalis,Fragata portuguesa,Animalia,117302
203465723,7c0c0a2f-2c9b-4e02-a20c-c45498d048d8,2024/02/23 10:19 AM,2024-02-23,2024-02-23 11:19:00 UTC,Azores,3181,paultavares,Paul Tavares,2024-03-22 13:17:19 UTC,2024-04-01 08:13:39 UTC,research,CC-BY-NC,https://www.inaturalist.org/observations/203465723,https://inaturalist-open-data.s3.amazonaws.com/photos/359492404/medium.jpg,,"","Ilha do Faial, Azores, Portugal",4,0,false,,"9900 Feteira, Portugal",38.5237777778,-28.6713333333,8,,,,8,,,false,,,Portuguese Man o' War,Physalia physalis,Fragata portuguesa,Animalia,117302
203465726,0358bf86-f127-40bb-a6a4-c2f28be1d80e,2024/02/23 10:23 AM,2024-02-23,2024-02-23 11:23:00 UTC,Azores,3181,paultavares,Paul Tavares,2024-03-22 13:17:19 UTC,2024-04-01 08:13:34 UTC,research,CC-BY-NC,https://www.inaturalist.org/observations/203465726,https://inaturalist-open-data.s3.amazonaws.com/photos/359492382/medium.jpg,,"","Ilha do Faial, Azores, Portugal",4,0,false,,"9900 Feteira, Portugal",38.52375,-28.6711388889,8,,,,8,,,false,,,Portuguese Man o' War,Physalia physalis,Fragata portuguesa,Animalia,117302
203726191,1bae353a-b70d-4f7e-962f-c374439e7e6c,2024-03-23 14:43:06-01:00,2024-03-23,2024-03-23 15:43:06 UTC,Azores,2815562,levent90,Levent90,2024-03-24 12:28:10 UTC,2024-05-25 02:11:20 UTC,research,CC-BY-NC,https://www.inaturalist.org/observations/203726191,https://inaturalist-open-data.s3.amazonaws.com/photos/359991595/medium.jpg,,"","",4,0,false,3,"Praia dos Moinhos, Ribeira Grande, Azores, PT",37.8234883333,-25.4452833333,3,,,,3,,,false,,,Portuguese Man o' War,Physalia physalis,Fragata portuguesa,Animalia,117302
203814296,1cf05712-df88-4ecc-b3c1-a5b498e74175,2024-03-24 17:25:25,2024-03-24,2024-03-24 18:25:25 UTC,Azores,7226892,antoine60963,Antoine Couprie,2024-03-24 22:53:48 UTC,2024-04-01 08:13:26 UTC,research,,https://www.inaturalist.org/observations/203814296,https://static.inaturalist.org/photos/360155665/medium.jpeg,,"",,3,0,false,2,Portugal,36.9874899937,-25.0541083887,5,,,,5,,,false,gps,gps,Portuguese Man o' War,Physalia physalis,Fragata portuguesa,Animalia,117302
203814402,042c6736-782a-4d5c-b7a8-b7f221a2be4b,2024-03-24 17:25:37,2024-03-24,2024-03-24 18:25:37 UTC,Azores,7226892,antoine60963,Antoine Couprie,2024-03-24 22:54:33 UTC,2024-04-01 08:13:22 UTC,research,,https://www.inaturalist.org/observations/203814402,https://static.inaturalist.org/photos/360155843/medium.jpeg,,"",,3,0,false,2,Portugal,36.9874899937,-25.0541083887,5,,,,5,,,false,gps,gps,Portuguese Man o' War,Physalia physalis,Fragata portuguesa,Animalia,117302
203814467,e4479d1d-c853-41fc-a60b-9bf06b0118ae,2024-03-24 17:26:20,2024-03-24,2024-03-24 18:26:20 UTC,Azores,7226892,antoine60963,Antoine Couprie,2024-03-24 22:55:04 UTC,2024-04-01 08:13:17 UTC,research,,https://www.inaturalist.org/observations/203814467,https://static.inaturalist.org/photos/360156013/medium.jpeg,,"",,2,0,false,2,Portugal,36.9874899937,-25.0541083887,5,,,,5,,,false,gps,gps,Portuguese Man o' War,Physalia physalis,Fragata portuguesa,Animalia,117302
203814646,53fa5b7c-8831-4ab2-90e9-2133a0700478,2024-03-24 17:28:24,2024-03-24,2024-03-24 18:28:24 UTC,Azores,7226892,antoine60963,Antoine Couprie,2024-03-24 22:56:07 UTC,2024-04-01 08:13:14 UTC,research,,https://www.inaturalist.org/observations/203814646,https://static.inaturalist.org/photos/360156247/medium.jpeg,,"",,3,0,false,2,Portugal,36.9874899937,-25.0541083887,5,,,,5,,,false,gps,gps,Portuguese Man o' War,Physalia physalis,Fragata portuguesa,Animalia,117302
204808125,f9948430-fa49-4915-bb75-4ebe0973bb31,2024-03-12 10:07:42-01:00,2024-03-12,2024-03-12 11:07:42 UTC,Azores,7118118,eliseeeee,,2024-03-31 20:56:37 UTC,2024-05-25 02:09:21 UTC,research,CC-BY-NC,https://www.inaturalist.org/observations/204808125,https://inaturalist-open-data.s3.amazonaws.com/photos/362048659/medium.jpg,,"","",6,0,false,3,"São Miguel Island, Ponta Delgada, Azores, PT",37.751835,-25.6682875,3695,,,,3695,,,false,,,Portuguese Man o' War,Physalia physalis,Fragata portuguesa,Animalia,117302
205642185,590c66e2-ac08-4e4f-bc0d-043b9ebebb27,2021-07-23 10:02:17,2021-07-23,2021-07-23 10:02:17 UTC,Azores,6497081,twiggysp,André Nogueira,2024-04-06 10:42:20 UTC,2024-05-25 02:07:10 UTC,research,,https://www.inaturalist.org/observations/205642185,https://static.inaturalist.org/photos/363639756/medium.jpeg,,"",,4,0,false,2,"Aeródromo do Corvo, 9980 Corvo, Portugal",39.6725257536,-31.1215521768,35,,,,35,,,false,,,Portuguese Man o' War,Physalia physalis,Fragata portuguesa,Animalia,117302
205650568,0446418f-9220-4f0e-a84e-e3ae0e0c4780,2024-04-06 12:05:50,2024-04-06,2024-04-06 12:05:50 UTC,Azores,184212,elliot403,Elliot Lindsay,2024-04-06 12:06:34 UTC,2024-05-25 02:07:08 UTC,research,CC-BY-NC,https://www.inaturalist.org/observations/205650568,https://inaturalist-open-data.s3.amazonaws.com/photos/363726079/medium.jpeg,,"",,5,0,false,2,"Ribeira Seca, 9600, Portugal",37.816650248,-25.5484083295,4,,,,4,,,false,gps,gps,Portuguese Man o' War,Physalia physalis,Fragata portuguesa,Animalia,117302
205727473,bdbd36d8-dede-4525-a230-b6b9067e7a51,2024-04-06 16:44:00,2024-04-06,2024-04-06 16:44:00 UTC,Azores,2936284,timanel,Tiago,2024-04-06 19:46:01 UTC,2024-05-25 02:07:05 UTC,research,CC-BY-NC,https://www.inaturalist.org/observations/205727473,https://inaturalist-open-data.s3.amazonaws.com/photos/363793549/medium.jpeg,,"",Photos by Ana Rita S.,4,0,false,2,"Mosteiros, Portugal",37.8879683503,-25.8240244165,77,,,,77,,,false,,,Caravela-portuguesa,Physalia physalis,Fragata portuguesa,Animalia,117302
208575703,d31b3ced-92eb-49f1-86b8-49ac7fbfd537,2024-04-21 18:59:09Z,2024-04-21,2024-04-21 18:59:09 UTC,Azores,1830254,cfenoll,@c.fenoll,2024-04-21 21:16:09 UTC,2024-05-25 02:02:24 UTC,research,CC-BY-NC,https://www.inaturalist.org/observations/208575703,https://inaturalist-open-data.s3.amazonaws.com/photos/369230805/medium.jpg,,"","",3,0,false,3,"Isla de San Miguel, Povoação, PT",37.7301883333,-25.3087966667,3,,,,3,,,false,,,Physalia physalis,Physalia physalis,Fragata portuguesa,Animalia,117302
209296774,126a58a9-bd0b-49ae-a893-716f406cf8b0,2024-04-24 14:52:58Z,2024-04-24,2024-04-24 14:52:58 UTC,Azores,2149194,srosenth1,,2024-04-25 17:59:49 UTC,2024-06-12 03:53:20 UTC,research,CC-BY-NC,https://www.inaturalist.org/observations/209296774,https://inaturalist-open-data.s3.amazonaws.com/photos/370384015/medium.jpg,,"","",3,0,false,3,"Praia do Areal de Santa Bárbara, Ribeira Grande, Azores, PT",37.8180616667,-25.5441833333,3,,,,3,,,false,,,Portuguese Man o' War,Physalia physalis,Fragata portuguesa,Animalia,117302
209741100,f26a1267-a26a-42e4-b939-f7dc16cdf63b,2024-04-26 19:18:45Z,2024-04-26,2024-04-26 19:18:45 UTC,Azores,5515917,eliot_rbls,,2024-04-26 19:36:28 UTC,2024-05-25 01:59:02 UTC,research,CC-BY-NC,https://www.inaturalist.org/observations/209741100,https://inaturalist-open-data.s3.amazonaws.com/photos/371100048/medium.jpg,,"","",2,0,false,3,"São Miguel Island, Ribeira Grande, PT",37.8242216667,-25.6065883333,40,,,,40,,,false,,,Physalie,Physalia physalis,Fragata portuguesa,Animalia,117302
210340537,077ff67e-ce27-470a-865a-cfff41eba7ad,2024-04-27 17:00:42Z,2024-04-27,2024-04-27 17:00:42 UTC,Azores,8002682,camille_perron,,2024-04-27 18:52:03 UTC,2024-05-25 01:58:46 UTC,research,CC-BY-NC,https://www.inaturalist.org/observations/210340537,https://inaturalist-open-data.s3.amazonaws.com/photos/372050502/medium.jpg,,"","",2,0,false,3,"São Miguel Island, Ponta Delgada, PT",37.898225,-25.8225033333,3,,,,3,,,false,,,Physalie,Physalia physalis,Fragata portuguesa,Animalia,117302
211442722,bd22325e-6291-4796-b997-7d6dc87b0835,2024-04-29 09:05:14Z,2024-04-29,2024-04-29 09:05:14 UTC,Azores,3231357,beachfox,,2024-04-29 09:09:15 UTC,2025-07-02 15:11:43 UTC,research,CC-BY-NC,https://www.inaturalist.org/observations/211442722,https://inaturalist-open-data.s3.amazonaws.com/photos/380074165/medium.jpg,,"","",2,0,false,3,PT,38.3269076,-28.1409973,161124,,,,161124,,,false,,,Portuguese Man o' War,Physalia physalis,Fragata portuguesa,Animalia,117302
211466120,7dd54de9-2712-4466-926a-3b82b8407c43,2024-04-29 10:20:52,2024-04-29,2024-04-29 10:20:52 UTC,Azores,4100491,drzenuno,JoseNuno GomesPereira,2024-04-29 10:23:03 UTC,2025-08-19 22:30:16 UTC,research,,https://www.inaturalist.org/observations/211466120,https://static.inaturalist.org/photos/373864125/medium.jpeg,,"",,2,0,false,2,,38.7083933977,-28.6679283902,5,,,,5,,,false,gps,gps,Portuguese Man o' War,Physalia physalis,Fragata portuguesa,Animalia,117302
212627993,3a501395-35d5-4843-a538-bc4eb9ad1627,2023-07-19 15:55:40,2023-07-19,2023-07-19 15:55:40 UTC,Azores,6121738,mornings,,2024-05-01 16:01:47 UTC,2024-05-25 01:56:56 UTC,research,CC-BY-NC,https://www.inaturalist.org/observations/212627993,https://static.inaturalist.org/photos/375751786/medium.jpeg,,"",,5,0,false,2,"Ilha das Flores, 9960, Portugal",39.4535036897,-31.2667336129,8,,,,8,,,false,,,Portugiesische Galeere,Physalia physalis,Fragata portuguesa,Animalia,117302
212707384,aed8e276-1022-4a67-95d5-bb121e55bc5d,2023/06/21 11:53,2023-06-21,2023-06-21 11:53:00 UTC,Azores,7060146,marnoldia,Arnold Móra,2024-05-01 20:32:13 UTC,2025-01-13 13:10:22 UTC,research,CC-BY-NC,https://www.inaturalist.org/observations/212707384,https://inaturalist-open-data.s3.amazonaws.com/photos/375890091/medium.jpeg,,"",,5,0,false,,"Angra do Heroísmo, Azores, Portugal",38.6053070025,-27.2117989128,1156,,,,1156,,,false,,,Physalia physalis,Physalia physalis,Fragata portuguesa,Animalia,117302
213730277,02f7b75e-9dda-4b42-8332-42826218b58a,2024-05-05 16:19:36,2024-05-05,2024-05-05 16:19:36 UTC,Azores,7926683,ammoreira,ammoreira,2024-05-05 16:37:44 UTC,2024-05-25 01:52:16 UTC,research,,https://www.inaturalist.org/observations/213730277,https://static.inaturalist.org/photos/377731918/medium.jpeg,,"",,2,0,false,2,"São Roque, 9500, Portugal",37.744267,-25.638584,,,,,,,,false,gps,gps,Caravela-portuguesa,Physalia physalis,Fragata portuguesa,Animalia,117302
214165795,a402b050-8dc6-4576-b3a5-43d7c0658972,2024-05-05 16:32:07,2024-05-05,2024-05-05 16:32:07 UTC,Azores,5125000,cholo5ntrol,"",2024-05-07 11:23:08 UTC,2024-05-08 13:06:02 UTC,research,CC-BY-NC,https://www.inaturalist.org/observations/214165795,https://inaturalist-open-data.s3.amazonaws.com/photos/378527599/medium.jpeg,,"",,2,0,false,2,"9555, Portugal",37.8584783845,-25.852182582,247,,,,247,,,false,gps,gps,Portuguese Man o' War,Physalia physalis,Fragata portuguesa,Animalia,117302
214232344,b270634f-f470-41ed-a6e2-11e0759e3971,Tue May 07 2024 18:06:52 GMT +0000 (GMT),2024-05-07,2024-05-07 18:06:52 UTC,Azores,3040360,hawktoof,,2024-05-07 18:07:21 UTC,2024-05-25 01:51:24 UTC,research,CC-BY-NC,https://www.inaturalist.org/observations/214232344,https://inaturalist-open-data.s3.amazonaws.com/photos/378647180/medium.jpeg,,"",,2,0,false,333,Povoação,37.7465209961,-25.2485618591,35,,,,35,,,false,,,Portugees oorlogsschip,Physalia physalis,Fragata portuguesa,Animalia,117302
214454709,d82d9031-4dd4-4b97-9263-deb961477aff,2024/04/30 7:15 PM,2024-04-30,2024-04-30 19:15:00 UTC,Azores,1355499,joaotiagotavares,Joao Tiago Tavares,2024-05-08 20:26:11 UTC,2024-05-10 11:23:30 UTC,research,CC-BY-NC,https://www.inaturalist.org/observations/214454709,https://static.inaturalist.org/photos/379061252/medium.jpeg,,"",,3,0,false,,"Ponta Delgada, Azores, Portugal",37.7061027778,-25.726725,,,,,,,,false,,,Caravela-portuguesa,Physalia physalis,Fragata portuguesa,Animalia,117302
216206694,8fc7f5b4-ede8-4702-b4f3-94a44f28f3bd,2024-05-15 19:54:57,2024-05-15,2024-05-15 19:54:57 UTC,Azores,4125724,nikolas_linke,Nikolas Linke,2024-05-16 23:14:11 UTC,2024-05-17 10:16:35 UTC,research,CC-BY-NC,https://www.inaturalist.org/observations/216206694,https://inaturalist-open-data.s3.amazonaws.com/photos/382346622/medium.jpeg,,"",,3,0,false,2,Portugal,37.7194588892,-25.7527644932,17137,,,,17137,,,false,gps,gps,Portugiesische Galeere,Physalia physalis,Fragata portuguesa,Animalia,117302
216365655,5ebb07f2-a9ea-47c4-9f8a-df5c99746799,2024-05-17 19:02:24,2024-05-17,2024-05-17 19:02:24 UTC,Azores,4100491,drzenuno,JoseNuno GomesPereira,2024-05-17 19:03:26 UTC,2024-05-22 10:20:15 UTC,research,,https://www.inaturalist.org/observations/216365655,https://static.inaturalist.org/photos/382644585/medium.jpeg,,"",,2,0,false,2,"Fundo Da Praia, 9900 Praia do Almoxarife, Portugal",38.5543565602,-28.6095417291,5,,,,5,,,false,gps,gps,Portuguese Man o' War,Physalia physalis,Fragata portuguesa,Animalia,117302
217978263,51e82bb0-9161-40ee-bc40-8d45d0b70102,2024-05-24 16:41:23Z,2024-05-24,2024-05-24 16:41:23 UTC,Azores,6663595,spring_j,,2024-05-24 21:19:59 UTC,2024-05-31 11:51:47 UTC,research,CC-BY-NC,https://www.inaturalist.org/observations/217978263,https://inaturalist-open-data.s3.amazonaws.com/photos/385679315/medium.jpg,,"","",3,0,false,3,"Praia De Água D’alto, Vila Franca do Campo, PT",37.7166022219,-25.4733991767,495,,,,495,,,false,,,Portuguese Man o' War,Physalia physalis,Fragata portuguesa,Animalia,117302
218243599,2f5a063d-7aac-4875-a0af-e68cabf55e72,2024-05-25 20:33:00,2024-05-25,2024-05-25 20:33:00 UTC,Azores,6962246,bantumit,Alexandre Oliveira,2024-05-25 23:33:34 UTC,2024-07-02 10:23:01 UTC,research,CC-BY-NC,https://www.inaturalist.org/observations/218243599,https://inaturalist-open-data.s3.amazonaws.com/photos/386170928/medium.jpeg,,"",,5,0,false,2,"São Vicente Ferreira, Portugal",37.8343813153,-25.6692039594,24,,,,24,,,false,gps,gps,Caravela-portuguesa,Physalia physalis,Fragata portuguesa,Animalia,117302
218926037,3b105860-05e7-4e68-84ba-fbf9398f9358,2024-05-28 11:07:20,2024-05-28,2024-05-28 11:07:20 UTC,Azores,2409708,janijarvi,Jani Järvi,2024-05-28 16:45:36 UTC,2024-07-02 10:23:32 UTC,research,CC-BY,https://www.inaturalist.org/observations/218926037,https://inaturalist-open-data.s3.amazonaws.com/photos/387449137/medium.jpeg,,"",Many individuals ,5,0,false,2,Portugali,37.6828982775,-25.403559655,663,,,,663,,,false,gps,gps,Physalia physalis,Physalia physalis,Fragata portuguesa,Animalia,117302
219325244,e7b2014c-f439-4e74-8acc-9463561b8b63,Thu May 30 2024 14:26:30 GMT +0000 (GMT),2024-05-30,2024-05-30 14:26:30 UTC,Azores,4308767,mintsirrit,,2024-05-30 14:26:54 UTC,2024-07-02 06:58:16 UTC,research,CC-BY-NC,https://www.inaturalist.org/observations/219325244,https://inaturalist-open-data.s3.amazonaws.com/photos/388974790/medium.jpeg,,"",,3,0,false,333,Água de Pau,37.7159957886,-25.5020427704,2200,,,,2200,,,false,,,Physalia physalis,Physalia physalis,Fragata portuguesa,Animalia,117302
219487599,ec491d67-cff6-4e99-a75a-08dc6bc58184,2024-05-30 14:52:43Z,2024-05-30,2024-05-30 14:52:43 UTC,Azores,4637258,ddawg,,2024-05-31 08:08:06 UTC,2024-07-07 08:29:38 UTC,research,,https://www.inaturalist.org/observations/219487599,https://static.inaturalist.org/photos/388504225/medium.jpg,,"","",6,0,false,3,"Praia Do Populo, Ponta Delgada, Azores, PT",37.75047,-25.618545,3,,,,3,,,false,,,Portuguese Man o' War,Physalia physalis,Fragata portuguesa,Animalia,117302
219789471,6407ed40-333a-48ea-9c04-77f1959d38a0,2024-06-01 17:10:13,2024-06-01,2024-06-01 17:10:13 UTC,Azores,3320531,vulcanochloris,Veronika Veselá,2024-06-01 17:31:45 UTC,2024-07-02 06:57:56 UTC,research,,https://www.inaturalist.org/observations/219789471,https://static.inaturalist.org/photos/389064198/medium.jpeg,,"",,4,0,false,2,"São Pedro, Portugalsko",37.7121936707,-25.4428268597,567,,,,567,,,false,gps,gps,Portuguese Man o' War,Physalia physalis,Fragata portuguesa,Animalia,117302
219852695,4f8d4305-6963-40f1-978a-0abc96dccf18,2024-05-27 19:03:34,2024-05-27,2024-05-27 19:03:34 UTC,Azores,727794,vitoreca,,2024-06-01 22:04:53 UTC,2024-07-02 06:58:01 UTC,research,CC-BY-NC,https://www.inaturalist.org/observations/219852695,https://inaturalist-open-data.s3.amazonaws.com/photos/389179573/medium.jpeg,,"",,3,0,false,2,"Ribeira Grande, PT-AC, PT",37.8172888889,-25.5476972222,,,,,,,,false,gps,gps,Caravela-portuguesa,Physalia physalis,Fragata portuguesa,Animalia,117302
220203226,7b3227ec-0e01-4474-b622-1bf9127fbb8f,2024/06/02 17:31,2024-06-02,2024-06-02 17:31:00 UTC,Azores,3217130,monthy05,"",2024-06-03 07:58:21 UTC,2024-07-02 06:57:53 UTC,research,CC-BY-NC,https://www.inaturalist.org/observations/220203226,https://inaturalist-open-data.s3.amazonaws.com/photos/389843943/medium.jpeg,,"",,3,0,false,,"Azores, PT",37.7070517676,-25.3329244451,6807,,,,6807,,,false,,,Portugiesische Galeere,Physalia physalis,Fragata portuguesa,Animalia,117302
220203228,cf0db959-8e0f-4aaf-a048-8991bc6ccdd7,2024/06/02 17:31,2024-06-02,2024-06-02 17:31:00 UTC,Azores,3217130,monthy05,"",2024-06-03 07:58:22 UTC,2024-07-02 06:57:21 UTC,research,CC-BY-NC,https://www.inaturalist.org/observations/220203228,https://inaturalist-open-data.s3.amazonaws.com/photos/389843964/medium.jpeg,,"",,3,0,false,,"Azores, PT",37.6936609408,-25.3596203023,4310,,,,4310,,,false,,,Portugiesische Galeere,Physalia physalis,Fragata portuguesa,Animalia,117302
220750498,1b1e4953-efb3-44ac-9031-9618fb016ffd,2024/06/04 18:58,2024-06-04,2024-06-04 18:58:00 UTC,Azores,3217130,monthy05,"",2024-06-05 20:16:41 UTC,2025-07-07 13:50:34 UTC,research,CC-BY-NC,https://www.inaturalist.org/observations/220750498,https://inaturalist-open-data.s3.amazonaws.com/photos/390858320/medium.jpeg,,"",,3,0,false,,,37.6389621496,-25.5967725757,17932,,,,17932,,,false,,,Portugiesische Galeere,Physalia physalis,Fragata portuguesa,Animalia,117302
221401963,7b2acf14-6e0c-4b5f-9633-da3f6ec10868,2024-06-07 19:00:05,2024-06-07,2024-06-07 19:00:05 UTC,Azores,7058961,mariagf,María G. Faro,2024-06-08 20:37:45 UTC,2025-09-12 11:55:23 UTC,research,,https://www.inaturalist.org/observations/221401963,https://static.inaturalist.org/photos/392078737/medium.jpeg,,"",,5,0,false,2,"Mosteiros, Portugal",37.8803933981,-25.8276212588,1549,,,,1549,,,false,gps,gps,Portuguese Man o' War,Physalia physalis,Fragata portuguesa,Animalia,117302
221813425,6db9f5aa-7ff0-42c1-8d25-5fff624502ea,2024-06-09 15:39:51Z,2024-06-09,2024-06-09 15:39:51 UTC,Azores,6397120,celtisaustralis,"",2024-06-10 14:11:00 UTC,2024-07-02 06:56:26 UTC,research,CC-BY-NC,https://www.inaturalist.org/observations/221813425,https://inaturalist-open-data.s3.amazonaws.com/photos/392848329/medium.jpg,,"","",4,0,false,3,PT,37.8620489341,-25.5090166279,6484,,,,6484,,,false,,,Fragata portuguesa,Physalia physalis,Fragata portuguesa,Animalia,117302
222007173,d2d48e5f-ec94-4a82-a382-69a56ebfeb1d,2024-06-10 12:08:14,2024-06-10,2024-06-10 12:08:14 UTC,Azores,6962246,bantumit,Alexandre Oliveira,2024-06-11 11:10:06 UTC,2024-09-29 22:42:01 UTC,research,CC-BY-NC,https://www.inaturalist.org/observations/222007173,https://inaturalist-open-data.s3.amazonaws.com/photos/393214725/medium.jpeg,,"",,5,0,false,2,"Água de Pau, Portugal",37.713435224,-25.4955084622,15,,,,15,,,false,gps,gps,Caravela-portuguesa,Physalia physalis,Fragata portuguesa,Animalia,117302
222078283,0a22880d-c1a6-48f7-ba43-b11eb4352ed1,2024-06-11 15:02:47,2024-06-11,2024-06-11 15:02:47 UTC,Azores,5044548,mallomonas,Petr Knotek,2024-06-11 18:08:12 UTC,2024-07-02 06:56:04 UTC,research,CC-BY,https://www.inaturalist.org/observations/222078283,https://inaturalist-open-data.s3.amazonaws.com/photos/393344268/medium.jpeg,,"",,5,0,false,2,"CXC9+MF, 9930 Engrade, Portugalsko",38.4217238404,-28.0305014178,21,,,,21,,,false,gps,gps,měchýřovka portugalská,Physalia physalis,Fragata portuguesa,Animalia,117302
222079604,ae080516-e088-4022-ad3c-73c9d0896ac0,2024-06-11 18:14:22,2024-06-11,2024-06-11 18:14:22 UTC,Azores,6031310,maya429,Maya Sutorius,2024-06-11 18:15:53 UTC,2024-07-06 16:34:25 UTC,research,,https://www.inaturalist.org/observations/222079604,https://static.inaturalist.org/photos/393383562/medium.jpeg,,"",,7,0,false,2,"RF95+C4, 9600 Ribeira Grande, Portugal",37.818091,-25.5438682997,,,,,,,,false,gps,gps,Portuguese Man o' War,Physalia physalis,Fragata portuguesa,Animalia,117302
222098220,85bf8de2-fce7-4171-ac2d-6a32281e07a2,2024-06-11 18:55:58,2024-06-11,2024-06-11 18:55:58 UTC,Azores,7193571,e_f_s_,E.F.S.,2024-06-11 19:50:55 UTC,2025-02-09 13:31:12 UTC,research,,https://www.inaturalist.org/observations/222098220,https://static.inaturalist.org/photos/393382216/medium.jpeg,,"",Some 50 or so beached in the space of 15 mins. One person was stung and treated on the beach. ,6,0,false,2,"Ribeira Seca, 9600, Portugal",37.8172191,-25.5477856,,,,,,,,false,,,Portuguese Man o' War,Physalia physalis,Fragata portuguesa,Animalia,117302
222128606,33aa3b29-b779-401f-8cf1-b8e160e17235,2024/04/27 6:36 PM,2024-04-27,2024-04-27 18:36:00 UTC,Azores,2623431,tiagojrc,Tiago Carrapiço,2024-06-11 22:44:07 UTC,2026-06-18 09:52:32 UTC,research,CC-BY,https://www.inaturalist.org/observations/222128606,https://inaturalist-open-data.s3.amazonaws.com/photos/393433533/medium.jpeg,,"",,7,0,false,,"Ribeira Grande, Portugal",37.8229349635,-25.5270240341,66,,,,66,,,false,,,Caravela-portuguesa,Physalia physalis,Fragata portuguesa,Animalia,117302
222128614,4120fe70-e93d-42b3-8812-6f23176f61bd,2024/04/27 6:37 PM,2024-04-27,2024-04-27 18:37:00 UTC,Azores,2623431,tiagojrc,Tiago Carrapiço,2024-06-11 22:44:08 UTC,2026-06-18 09:52:57 UTC,research,CC-BY,https://www.inaturalist.org/observations/222128614,https://inaturalist-open-data.s3.amazonaws.com/photos/393433598/medium.jpeg,,"",,7,0,false,,"Ribeira Grande, Portugal",37.8229349635,-25.5270240341,66,,,,66,,,false,,,Caravela-portuguesa,Physalia physalis,Fragata portuguesa,Animalia,117302
222128616,7078cc38-59c7-4107-9356-708fc8824f96,2024/04/27 6:38 PM,2024-04-27,2024-04-27 18:38:00 UTC,Azores,2623431,tiagojrc,Tiago Carrapiço,2024-06-11 22:44:08 UTC,2026-06-18 09:52:57 UTC,research,CC-BY,https://www.inaturalist.org/observations/222128616,https://inaturalist-open-data.s3.amazonaws.com/photos/393433629/medium.jpeg,,"",,7,0,false,,"Ribeira Grande, Portugal",37.8229349635,-25.5270240341,66,,,,66,,,false,,,Caravela-portuguesa,Physalia physalis,Fragata portuguesa,Animalia,117302
222128621,5c36accb-9458-400f-bf55-a133d19da031,2024/04/27 6:41 PM,2024-04-27,2024-04-27 18:41:00 UTC,Azores,2623431,tiagojrc,Tiago Carrapiço,2024-06-11 22:44:09 UTC,2026-06-18 09:53:07 UTC,research,CC-BY,https://www.inaturalist.org/observations/222128621,https://inaturalist-open-data.s3.amazonaws.com/photos/393433741/medium.jpeg,,"",,7,0,false,,"Ribeira Grande, Portugal",37.8229349635,-25.5270240341,66,,,,66,,,false,,,Caravela-portuguesa,Physalia physalis,Fragata portuguesa,Animalia,117302
222128622,05b7c8a7-fe07-4862-a114-c6453493f564,2024/04/27 6:41 PM,2024-04-27,2024-04-27 18:41:00 UTC,Azores,2623431,tiagojrc,Tiago Carrapiço,2024-06-11 22:44:09 UTC,2026-06-18 09:53:07 UTC,research,CC-BY,https://www.inaturalist.org/observations/222128622,https://inaturalist-open-data.s3.amazonaws.com/photos/393433760/medium.jpeg,,"",,7,0,false,,"Ribeira Grande, Portugal",37.8229349635,-25.5270240341,66,,,,66,,,false,,,Caravela-portuguesa,Physalia physalis,Fragata portuguesa,Animalia,117302
222128624,5885c975-46cc-4103-a921-a1552431c74e,2024/04/27 6:42 PM,2024-04-27,2024-04-27 18:42:00 UTC,Azores,2623431,tiagojrc,Tiago Carrapiço,2024-06-11 22:44:10 UTC,2026-06-18 09:52:57 UTC,research,CC-BY,https://www.inaturalist.org/observations/222128624,https://inaturalist-open-data.s3.amazonaws.com/photos/393433781/medium.jpeg,,"",,7,0,false,,"Ribeira Grande, Portugal",37.8232488288,-25.526255184,45,,,,45,,,false,,,Caravela-portuguesa,Physalia physalis,Fragata portuguesa,Animalia,117302
222128625,07293706-838f-4aa9-a887-b852cff970ec,2024/04/27 6:41 PM,2024-04-27,2024-04-27 18:41:00 UTC,Azores,2623431,tiagojrc,Tiago Carrapiço,2024-06-11 22:44:10 UTC,2026-06-18 09:52:57 UTC,research,CC-BY,https://www.inaturalist.org/observations/222128625,https://inaturalist-open-data.s3.amazonaws.com/photos/393433764/medium.jpeg,,"",,7,0,false,,"Ribeira Grande, Portugal",37.8229349635,-25.5270240341,66,,,,66,,,false,,,Caravela-portuguesa,Physalia physalis,Fragata portuguesa,Animalia,117302
222128626,c0504de5-89bb-420a-9c29-6566c47658e1,2024/04/27 6:42 PM,2024-04-27,2024-04-27 18:42:00 UTC,Azores,2623431,tiagojrc,Tiago Carrapiço,2024-06-11 22:44:10 UTC,2026-06-18 09:52:32 UTC,research,CC-BY,https://www.inaturalist.org/observations/222128626,https://inaturalist-open-data.s3.amazonaws.com/photos/393433793/medium.jpeg,,"",,7,0,false,,"Ribeira Grande, Portugal",37.8232488288,-25.526255184,45,,,,45,,,false,,,Caravela-portuguesa,Physalia physalis,Fragata portuguesa,Animalia,117302
222315921,f2a52893-4b89-46b6-b608-79f20b206cb7,2024/04/28 3:11 PM,2024-04-28,2024-04-28 15:11:00 UTC,Azores,2623431,tiagojrc,Tiago Carrapiço,2024-06-12 20:44:48 UTC,2026-06-18 09:52:43 UTC,research,CC-BY,https://www.inaturalist.org/observations/222315921,https://inaturalist-open-data.s3.amazonaws.com/photos/393792059/medium.jpeg,,"",,6,0,false,,"Ribeira Grande, PT-AC, PT",37.8231279333,-25.4260339024,12,,,,12,,,false,,,Caravela-portuguesa,Physalia physalis,Fragata portuguesa,Animalia,117302
222840215,70417416-d83c-4b5f-a137-f7eaa8d4df91,Sat Jun 15 2024 12:27:29 GMT +0000 (GMT),2024-06-15,2024-06-15 12:27:29 UTC,Azores,5455185,elkoster,,2024-06-15 12:27:41 UTC,2024-07-02 06:54:36 UTC,research,CC-BY-NC,https://www.inaturalist.org/observations/222840215,https://inaturalist-open-data.s3.amazonaws.com/photos/394780094/medium.jpeg,,"",,5,0,false,333,Ribeira Grande,37.8164215088,-25.5506248474,3,,,,3,,,false,,,Portuguese Man o' War,Physalia physalis,Fragata portuguesa,Animalia,117302
222864561,19052bf7-9c01-490e-b108-abca62a9f1cb,Sat Jun 15 2024 14:37:50 GMT +0000 (GMT),2024-06-15,2024-06-15 14:37:50 UTC,Azores,5455185,elkoster,,2024-06-15 14:38:06 UTC,2024-07-02 06:54:30 UTC,research,CC-BY-NC,https://www.inaturalist.org/observations/222864561,https://inaturalist-open-data.s3.amazonaws.com/photos/394823596/medium.jpeg,,"",,6,0,false,333,Ponta Delgada,37.8889732361,-25.8251552582,4,,,,4,,,false,,,Portuguese Man o' War,Physalia physalis,Fragata portuguesa,Animalia,117302
222963660,568eea70-11d3-4fc3-91b3-ab6b5ac6b388,2024-06-15 16:19:57,2024-06-15,2024-06-15 16:19:57 UTC,Azores,6908701,manjos,"",2024-06-15 22:23:04 UTC,2024-07-02 06:54:26 UTC,research,CC-BY-NC,https://www.inaturalist.org/observations/222963660,https://inaturalist-open-data.s3.amazonaws.com/photos/395007154/medium.jpeg,,"",,5,0,false,2,"Azores, PT",37.9061807648,-25.8261319362,,,,,28329,obscured,,true,gps,gps,Caravela-portuguesa,Physalia physalis,Fragata portuguesa,Animalia,117302
223155855,86fbb77e-ab2e-4374-bbc6-9f4fa9653e55,2024-06-16 15:54:27Z,2024-06-16,2024-06-16 15:54:27 UTC,Azores,1539554,costannie,,2024-06-16 18:09:20 UTC,2024-07-02 06:54:15 UTC,research,CC-BY-NC,https://www.inaturalist.org/observations/223155855,https://inaturalist-open-data.s3.amazonaws.com/photos/395367289/medium.jpg,,"","",6,0,false,3,"São Miguel Island, Ribeira Grande, PT",37.8351583333,-25.39192,8,,,,8,,,false,,,Portuguese Man o' War,Physalia physalis,Fragata portuguesa,Animalia,117302
223438972,525e6a1e-64b1-4b1c-bb5d-0d79c1c24843,2024-06-17 19:37:06,2024-06-17,2024-06-17 19:37:06 UTC,Azores,6962246,bantumit,Alexandre Oliveira,2024-06-17 23:10:56 UTC,2024-09-29 22:42:23 UTC,research,CC-BY-NC,https://www.inaturalist.org/observations/223438972,https://inaturalist-open-data.s3.amazonaws.com/photos/395907211/medium.jpeg,,"",,1,0,false,2,"São Vicente Ferreira, Portugal",37.8346561738,-25.6694393232,31,,,,31,,,false,gps,gps,Caravela-portuguesa,Physalia physalis,Fragata portuguesa,Animalia,117302
225193450,072ff68b-db5c-448c-ab56-98d8e426fa2e,2024-06-25 14:59:05,2024-06-25,2024-06-25 14:59:05 UTC,Azores,5971718,c266,C Westphal,2024-06-25 22:33:59 UTC,2024-07-02 06:53:40 UTC,research,,https://www.inaturalist.org/observations/225193450,https://static.inaturalist.org/photos/399228649/medium.jpeg,,"",,5,0,false,2,"São Roque do Pico, PT-AC, PT",38.4624305177,-28.1914478517,16,,,,16,,,false,,,Portuguese Man o' War,Physalia physalis,Fragata portuguesa,Animalia,117302
225271351,d96718cb-1f8a-47a3-9409-2c0f9c556ad8,2024-06-26 09:28:22,2024-06-26,2024-06-26 09:28:22 UTC,Azores,4100491,drzenuno,JoseNuno GomesPereira,2024-06-26 09:38:42 UTC,2024-06-26 20:03:34 UTC,research,,https://www.inaturalist.org/observations/225271351,https://static.inaturalist.org/photos/399380205/medium.jpeg,,"",,1,0,false,2,"9900 Feteira, Portugal",38.5006648371,-28.5981688276,4,,,,4,,,false,gps,gps,Portuguese Man o' War,Physalia physalis,Fragata portuguesa,Animalia,117302
227114734,2691db27-da3d-46e5-a0c4-2ee4a480a7b0,2024-07-04 15:58:43Z,2024-07-04,2024-07-04 15:58:43 UTC,Azores,971628,schozas,Sergio Chozas,2024-07-04 15:58:53 UTC,2024-10-09 12:11:36 UTC,research,CC-BY-NC,https://www.inaturalist.org/observations/227114734,https://inaturalist-open-data.s3.amazonaws.com/photos/402864813/medium.jpg,,"","",4,0,false,3,"Ilha de São Miguel, Ponta Delgada, Açores, PT",37.8997987882,-25.8212589752,3,,,,3,,,false,,,Caravela-portuguesa,Physalia physalis,Fragata portuguesa,Animalia,117302
227530077,d451a684-0fd1-401b-a934-8a06fbef2a3c,2024-07-06 15:07:00,2024-07-06,2024-07-06 15:07:00 UTC,Azores,1586803,dracoabe,Abrão Leite,2024-07-06 15:07:33 UTC,2026-06-26 15:23:48 UTC,research,CC-BY-NC,https://www.inaturalist.org/observations/227530077,https://inaturalist-open-data.s3.amazonaws.com/photos/403654023/medium.jpeg,,"",,4,0,false,2,"Angra do Heroísmo, PT-AC, PT",38.6552517339,-27.2291220725,4,,,,4,,,false,gps,gps,Portuguese Man o' War,Physalia physalis,Fragata portuguesa,Animalia,117302
227619736,feee738a-d917-47cd-bcad-49ea82313950,2024-06-05 13:48:45-07:00,2024-06-05,2024-06-05 20:48:45 UTC,Azores,549061,susanramos,,2024-07-06 21:21:06 UTC,2024-10-09 12:11:24 UTC,research,CC-BY-NC,https://www.inaturalist.org/observations/227619736,https://inaturalist-open-data.s3.amazonaws.com/photos/403822233/medium.jpg,,"","",5,0,false,3,"Praia das Escaleiras, Praia Da Vitória, Azores, PT",38.78672,-27.1359,5,,,,5,,,false,,,Portuguese Man o' War,Physalia physalis,Fragata portuguesa,Animalia,117302
229671196,ddce2b7d-6066-4528-a3e9-aa4ef2154434,2024-07-15 10:30:39Z,2024-07-15,2024-07-15 10:30:39 UTC,Azores,8366233,milan58313,Milan Joo,2024-07-16 10:19:25 UTC,2024-10-09 12:11:10 UTC,research,,https://www.inaturalist.org/observations/229671196,https://static.inaturalist.org/photos/407709319/medium.jpeg,,"","",4,0,false,3,"São Miguel Island, Ponta Delgada, Azoren, PT",37.750466029,-25.6310655647,82,,,,82,,,false,,,Portugiesische Galeere,Physalia physalis,Fragata portuguesa,Animalia,117302
229671254,1d5275f5-8c5a-420f-99bc-c436915cffef,2024-07-16 08:24:46Z,2024-07-16,2024-07-16 08:24:46 UTC,Azores,8366233,milan58313,Milan Joo,2024-07-16 10:20:18 UTC,2024-10-09 12:11:05 UTC,research,,https://www.inaturalist.org/observations/229671254,https://static.inaturalist.org/photos/407709463/medium.jpeg,,"","",3,0,false,3,"São Miguel Island, Ponta Delgada, Azoren, PT",37.750353919,-25.6314272816,104,,,,104,,,false,,,Portugiesische Galeere,Physalia physalis,Fragata portuguesa,Animalia,117302
229671324,3ec741c1-4889-45df-9ac1-a252c3a3c6fe,2024-07-15 19:04:26Z,2024-07-15,2024-07-15 19:04:26 UTC,Azores,8366233,milan58313,Milan Joo,2024-07-16 10:20:53 UTC,2024-10-09 12:11:01 UTC,research,,https://www.inaturalist.org/observations/229671324,https://static.inaturalist.org/photos/407709567/medium.jpeg,,"","",3,0,false,3,"São Miguel Island, Ponta Delgada, Azoren, PT",37.7512885249,-25.6255053472,150,,,,150,,,false,,,Portugiesische Galeere,Physalia physalis,Fragata portuguesa,Animalia,117302
229671438,f2cd755a-e780-438a-851c-d27974aacf50,2024-07-15 10:27:26Z,2024-07-15,2024-07-15 10:27:26 UTC,Azores,8366233,milan58313,Milan Joo,2024-07-16 10:22:04 UTC,2024-10-09 12:10:55 UTC,research,,https://www.inaturalist.org/observations/229671438,https://static.inaturalist.org/photos/407709822/medium.jpeg,,"","",3,0,false,3,"São Miguel Island, Ponta Delgada, Azoren, PT",37.7504136963,-25.6312717397,55,,,,55,,,false,,,Portugiesische Galeere,Physalia physalis,Fragata portuguesa,Animalia,117302
229671530,6046fa36-70e3-486e-bd05-ef16111f9f32,2024-07-15 10:27:14Z,2024-07-15,2024-07-15 10:27:14 UTC,Azores,8366233,milan58313,Milan Joo,2024-07-16 10:23:06 UTC,2024-10-09 12:10:46 UTC,research,,https://www.inaturalist.org/observations/229671530,https://static.inaturalist.org/photos/407710037/medium.jpeg,,"","",3,0,false,3,"Praia das Milicias, Ponta Delgada, Azoren, PT",37.7512321633,-25.6249129977,241,,,,241,,,false,,,Portugiesische Galeere,Physalia physalis,Fragata portuguesa,Animalia,117302
229671898,2b84420c-d879-4c88-9ad6-95ca49c1f80b,2024-07-15 10:26:43Z,2024-07-15,2024-07-15 10:26:43 UTC,Azores,8366233,milan58313,Milan Joo,2024-07-16 10:24:56 UTC,2024-10-09 12:10:51 UTC,research,,https://www.inaturalist.org/observations/229671898,https://static.inaturalist.org/photos/407710369/medium.jpeg,,"","",3,0,false,3,"São Miguel Island, Ponta Delgada, Azoren, PT",37.7514311985,-25.6271572105,387,,,,387,,,false,,,Portugiesische Galeere,Physalia physalis,Fragata portuguesa,Animalia,117302
229852000,de162a51-aca0-4315-9151-33c2ea824a41,2024-07-17 07:15:09,2024-07-17,2024-07-17 07:15:09 UTC,Azores,1850732,djscho,Dan Schofield,2024-07-17 07:15:45 UTC,2024-12-11 23:05:37 UTC,research,CC-BY,https://www.inaturalist.org/observations/229852000,https://inaturalist-open-data.s3.amazonaws.com/photos/408055175/medium.jpeg,,"",,4,0,false,2,"Monte Da Guia, Fábrica Da Baleia De Porto Pim Angústias, 9900-124 Horta, Portugal",38.5235261856,-28.6255906795,46,,,,46,,,false,,,Portuguese Man o' War,Physalia physalis,Fragata portuguesa,Animalia,117302
230579900,990704c6-61ac-4c91-b25f-ed4eea29e074,2024-07-20 17:39:06,2024-07-20,2024-07-20 17:39:06 UTC,Azores,5729513,sofia_nogueira,,2024-07-20 20:08:05 UTC,2024-10-09 12:10:04 UTC,research,CC-BY-NC,https://www.inaturalist.org/observations/230579900,https://inaturalist-open-data.s3.amazonaws.com/photos/409430549/medium.jpeg,,"",,6,0,false,2,Portugal,38.8037376389,-27.2573470833,,,,,,,,false,gps,gps,Caravela-portuguesa,Physalia physalis,Fragata portuguesa,Animalia,117302
230966440,b61e965d-2a8f-4d54-8653-a234ea957a74,2024-07-22 11:55:39,2024-07-22,2024-07-22 11:55:39 UTC,Azores,4100491,drzenuno,JoseNuno GomesPereira,2024-07-22 11:56:22 UTC,2024-10-09 12:10:24 UTC,research,,https://www.inaturalist.org/observations/230966440,https://static.inaturalist.org/photos/410160686/medium.jpeg,,"",,5,0,false,2,Portugal,38.4778233333,-28.5915966667,5,,,,5,,,false,,,Portuguese Man o' War,Physalia physalis,Fragata portuguesa,Animalia,117302
232868877,92262f65-ca8c-4ded-a9c5-db6a1fe314aa,2024-07-31 10:20:10,2024-07-31,2024-07-31 10:20:10 UTC,Azores,4100491,drzenuno,JoseNuno GomesPereira,2024-07-31 10:21:13 UTC,2024-10-09 12:10:19 UTC,research,,https://www.inaturalist.org/observations/232868877,https://static.inaturalist.org/photos/413778522/medium.jpeg,,"","",4,0,false,2,"São Caetano - Junta De Freguesia, 9950 São Caetano, Portugal",38.3971256817,-28.4363022074,4,,,,4,,,false,gps,gps,Portuguese Man O' War,Physalia physalis,Fragata portuguesa,Animalia,117302
233083227,9ea97a1f-0c87-4483-b6aa-87fda025107f,2024-08-01 12:20:36,2024-08-01,2024-08-01 12:20:36 UTC,Azores,3458302,filipe37,Filipe Pires,2024-08-01 13:21:38 UTC,2024-10-09 12:10:09 UTC,research,,https://www.inaturalist.org/observations/233083227,https://static.inaturalist.org/photos/414187218/medium.jpeg,,"",,3,0,false,2,"9980 Corvo, Portugal",39.6735138889,-31.1150055556,,,,,,,,false,gps,gps,Caravela-portuguesa,Physalia physalis,Fragata portuguesa,Animalia,117302
233447857,9f241c30-a6c9-47d1-8862-2771be4b2239,2024-08-03 09:57:11,2024-08-03,2024-08-03 09:57:11 UTC,Azores,4100491,drzenuno,JoseNuno GomesPereira,2024-08-03 09:58:05 UTC,2024-10-09 12:10:14 UTC,research,,https://www.inaturalist.org/observations/233447857,https://static.inaturalist.org/photos/414884472/medium.jpeg,,"","Dyimg, no tentacles",5,0,false,2,Portugal,38.6319466667,-28.5787533333,5,,,,5,,,false,,,Portuguese Man o' War,Physalia physalis,Fragata portuguesa,Animalia,117302
234061870,ffceadc6-1d56-49d7-a461-ff8cd11e56f5,2024/06/06 11:34 AM,2024-06-06,2024-06-06 11:34:00 UTC,Azores,2713648,curtle,,2024-08-06 01:19:42 UTC,2024-10-09 12:10:00 UTC,research,CC-BY-NC,https://www.inaturalist.org/observations/234061870,https://inaturalist-open-data.s3.amazonaws.com/photos/416045701/medium.jpeg,,"",,3,0,false,,"Ribeira Grande, Portugal",37.8170367436,-25.5446830628,657,,,,657,,,false,,,Portuguese Man o' War,Physalia physalis,Fragata portuguesa,Animalia,117302
234185488,abfe6133-6bc9-41bb-8ef0-3268b3211532,2024-07-08 13:41:48,2024-07-08,2024-07-08 13:41:48 UTC,Azores,8418958,aaronne_colagrossi,Aaronne Colagrossi,2024-08-06 17:52:35 UTC,2024-12-11 22:46:53 UTC,research,CC-BY-NC,https://www.inaturalist.org/observations/234185488,https://inaturalist-open-data.s3.amazonaws.com/photos/416278695/medium.jpeg,,"",,5,0,false,2,"Monte Da Guia, Fábrica Da Baleia De Porto Pim Angústias, 9900-124 Horta, Portogallo",38.5237811305,-28.6256835982,21,,,,21,,,false,gps,gps,caravella portoghese,Physalia physalis,Fragata portuguesa,Animalia,117302
234935317,ca3e19e2-b6eb-4d34-8e04-073fd2721e0a,2024/07/20 10:58,2024-07-20,2024-07-20 10:58:00 UTC,Azores,4125724,nikolas_linke,Nikolas Linke,2024-08-10 18:36:46 UTC,2024-10-09 12:09:44 UTC,research,CC-BY-NC,https://www.inaturalist.org/observations/234935317,https://inaturalist-open-data.s3.amazonaws.com/photos/417730452/medium.jpeg,,"",,5,0,false,,"Vila Franca do Campo, PT-AC, PT",37.6947845699,-25.3970783815,488,,,,488,,,false,,,Portugiesische Galeere,Physalia physalis,Fragata portuguesa,Animalia,117302
235694777,381b5632-fb3b-4ee6-a010-10625bf371ec,2024-08-14 10:35:34,2024-08-14,2024-08-14 10:35:34 UTC,Azores,4100491,drzenuno,JoseNuno GomesPereira,2024-08-14 10:39:53 UTC,2024-10-09 12:09:39 UTC,research,,https://www.inaturalist.org/observations/235694777,https://static.inaturalist.org/photos/419204620/medium.jpeg,,"",11 tl 2.8ct ,4,0,false,2,"Horta, PT-AC, PT",38.4775944042,-28.6014391109,4,,,,4,,,false,,,Portuguese Man O' War,Physalia physalis,Fragata portuguesa,Animalia,117302
236340597,6ed3f68a-45d2-47a0-8792-fac2ae00d8aa,2018/05/16 10:01 AM,2018-05-16,2018-05-16 10:01:00 UTC,Azores,2425930,bookfinch,"",2024-08-17 18:55:19 UTC,2024-10-09 12:09:32 UTC,research,CC-BY,https://www.inaturalist.org/observations/236340597,https://inaturalist-open-data.s3.amazonaws.com/photos/420450244/medium.jpeg,,"",,4,0,false,,"Ribeira Grande, Portugal",37.8171722222,-25.5467333333,5,,,,5,,,false,,,Portuguese Man o' War,Physalia physalis,Fragata portuguesa,Animalia,117302
236691104,318eb603-951b-4f85-ac3e-fa239e9492b9,2024-02-15 11:57:07-01:00,2024-02-15,2024-02-15 12:57:07 UTC,Azores,2302396,maria_alves,,2024-08-19 10:12:34 UTC,2024-10-09 12:09:26 UTC,research,CC-BY-NC,https://www.inaturalist.org/observations/236691104,https://inaturalist-open-data.s3.amazonaws.com/photos/421124856/medium.jpeg,,"","",5,0,false,3,"Ilha do Faial, Horta, Açores, PT",38.5258366667,-28.6262616667,11,,,,11,,,false,,,Caravela-portuguesa,Physalia physalis,Fragata portuguesa,Animalia,117302
239933861,bd80210e-e76c-4173-8c98-86f6112892a5,2024-09-04 17:39:35Z,2024-09-04,2024-09-04 17:39:35 UTC,Azores,6008294,otperezz,Ot Pérez Larumbe,2024-09-05 09:10:00 UTC,2024-10-09 12:09:16 UTC,research,,https://www.inaturalist.org/observations/239933861,https://static.inaturalist.org/photos/427399949/medium.jpeg,,"","",4,0,false,3,"Praia da Viola, Ribeira Grande, PT",37.8389166667,-25.36748,4,,,,4,,,false,,,Physalia physalis,Physalia physalis,Fragata portuguesa,Animalia,117302
241885468,9efc3cc7-660a-4319-8eb2-6c6006ec84e9,2024-09-08 12:10:00,2024-09-08,2024-09-08 12:10:00 UTC,Azores,4119945,charcoscompanhia,Charcos Companhia,2024-09-15 15:16:58 UTC,2024-09-17 10:51:31 UTC,research,CC-BY-NC,https://www.inaturalist.org/observations/241885468,https://inaturalist-open-data.s3.amazonaws.com/photos/431156713/medium.jpeg,,"",Fotografei 25 exemplares,2,0,false,2,"Ribeira Seca, 9600, Portugal",37.8159147271,-25.5485635623,208,,,,208,,,false,,,Caravela-portuguesa,Physalia physalis,Fragata portuguesa,Animalia,117302
242467052,600365fc-0096-41a3-90f4-a85366825280,2024/09/13 6:07 PM,2024-09-13,2024-09-13 18:07:00 UTC,Azores,3248423,robertkampf,Robert Kampf,2024-09-18 11:46:35 UTC,2025-07-18 21:10:21 UTC,research,CC-BY,https://www.inaturalist.org/observations/242467052,https://inaturalist-open-data.s3.amazonaws.com/photos/432258126/medium.png,,"",,5,0,false,,"Ribeira Grande, Azores, Portugal",37.822162,-25.53134694,,,,,,,,false,,,Portugiesische Galeere,Physalia physalis,Fragata portuguesa,Animalia,117302
245773924,f8f0c8ac-88aa-4dbd-961f-382298f350d3,2024-09-06 13:34:35-04:00,2024-09-06,2024-09-06 17:34:35 UTC,Azores,3483407,egofton,,2024-10-05 16:58:54 UTC,2025-05-09 01:37:51 UTC,research,CC-BY-NC,https://www.inaturalist.org/observations/245773924,https://inaturalist-open-data.s3.amazonaws.com/photos/502106904/medium.jpg,,"","",3,0,false,3,"São Miguel Island, Ribeira Grande, PT",37.8169633333,-25.54922,4,,,,4,,,false,,,Portuguese Man o' War,Physalia physalis,Fragata portuguesa,Animalia,117302
246537755,3990ba05-9ac4-4818-82a4-16a8a122ef4c,2024-10-08 10:50:33,2024-10-08,2024-10-08 10:50:33 UTC,Azores,5578955,vvaladares,Vasco Valadares,2024-10-09 21:57:44 UTC,2024-12-11 21:59:18 UTC,research,CC-BY-NC,https://www.inaturalist.org/observations/246537755,https://inaturalist-open-data.s3.amazonaws.com/photos/440146628/medium.jpeg,,"",,2,0,false,2,"Aeródromo do Corvo, 9980 Corvo, Portugal",39.6723683,-31.1216913997,,,,,,,,false,gps,gps,Caravela-portuguesa,Physalia physalis,Fragata portuguesa,Animalia,117302
252387965,a019b532-5604-4b07-bdc1-23be0282b67a,2024-11-20 12:51:49,2024-11-20,2024-11-20 13:51:49 UTC,Azores,4431050,carpica,Carlos Picanço,2024-11-20 13:52:31 UTC,2024-12-11 21:44:32 UTC,research,CC-BY-NC,https://www.inaturalist.org/observations/252387965,https://inaturalist-open-data.s3.amazonaws.com/photos/451800516/medium.jpeg,,"",,3,0,false,2,"Santa Cruz da Graciosa, Portugal",39.0889024479,-28.0084784701,8,,,,8,,,false,gps,gps,Caravela-portuguesa,Physalia physalis,Fragata portuguesa,Animalia,117302
253086364,a54c1f37-366d-4171-a33c-ad914f84e006,2024/05/18 13:31,2024-05-18,2024-05-18 13:31:00 UTC,Azores,6621838,wiktorbort,,2024-11-25 20:46:23 UTC,2024-11-26 12:13:18 UTC,research,CC-BY-NC,https://www.inaturalist.org/observations/253086364,https://inaturalist-open-data.s3.amazonaws.com/photos/453099548/medium.jpeg,,"",,2,0,false,,"Mosteiros, Portugalia",37.8912196331,-25.8221384891,15,,,,15,,,false,,,Żeglarz portugalski,Physalia physalis,Fragata portuguesa,Animalia,117302
257876145,c2506187-d43c-4f1a-929d-2c104cf17537,2022/08/09 12:34 PM,2022-08-09,2022-08-09 12:34:00 UTC,Azores,8861568,pfagoncalves,P. Gonçalves,2025-01-09 00:15:56 UTC,2025-01-09 09:17:59 UTC,research,CC-BY-NC,https://www.inaturalist.org/observations/257876145,https://inaturalist-open-data.s3.amazonaws.com/photos/462606211/medium.jpg,,"",,2,0,false,,"Lajes do Pico, Portugal",38.39095,-28.2517,20,,,,20,,,false,,,Caravela-portuguesa,Physalia physalis,Fragata portuguesa,Animalia,117302
258971359,173d78b8-3ac2-4aec-adec-2615f21bb5e7,2022/08/27 6:49 PM,2022-08-27,2022-08-27 20:49:00 UTC,Etc/GMT+2,5578955,vvaladares,Vasco Valadares,2025-01-19 18:48:26 UTC,2026-03-25 12:19:06 UTC,needs_id,CC-BY-NC,https://www.inaturalist.org/observations/258971359,https://inaturalist-open-data.s3.amazonaws.com/photos/464768267/medium.jpg,,"",,4,0,false,,,39.0729016279,-27.6197992003,21445,,,,21445,,,false,,,Caravela-portuguesa-do-Atlântico,Physalia physalis,Fragata portuguesa,Animalia,117302
258980837,48b55257-67ec-432b-9873-29918a7d7e78,2022/05/08 12:05,2022-05-08,2022-05-08 12:05:00 UTC,Azores,8887507,geoffrey-delahaye,,2025-01-19 20:18:17 UTC,2025-01-20 16:34:34 UTC,research,CC-BY-NC,https://www.inaturalist.org/observations/258980837,https://inaturalist-open-data.s3.amazonaws.com/photos/464787457/medium.jpeg,,"",,5,0,false,,"9930 Lajes do Pico, Portugal",38.3958180004,-28.2730618978,997,,,,997,,,false,,,Physalie,Physalia physalis,Fragata portuguesa,Animalia,117302
259973380,68cce661-2275-48eb-86cb-8771f3ab18fa,2025-01-29 15:21:26,2025-01-29,2025-01-29 16:21:26 UTC,Azores,8531914,rodrikrc,Rod 🐙🦑,2025-01-29 16:35:34 UTC,2025-01-31 18:29:01 UTC,research,,https://www.inaturalist.org/observations/259973380,https://static.inaturalist.org/photos/466781633/medium.jpeg,,"",,3,0,false,2,"Madalena, PT-AC, PT",38.5308406743,-28.5337522253,3640,,,,3640,,,false,gps,gps,Caravela-portuguesa,Physalia physalis,Fragata portuguesa,Animalia,117302
260438254,3f5ab69c-b9fa-49ba-b682-7b2c8a7ee2df,2017/05/19 4:31 PM,2017-05-19,2017-05-19 16:31:00 UTC,Azores,5008293,buckelkopfcichlide,Buckelkopfcichlide,2025-02-02 23:01:49 UTC,2025-08-06 21:25:59 UTC,research,CC-BY,https://www.inaturalist.org/observations/260438254,https://inaturalist-open-data.s3.amazonaws.com/photos/467705537/medium.jpg,,"","",3,0,false,,"Pico do Arieiro, 9030, Portugal",38.4343020233,-28.3066761608,25375,,,,25375,,,false,,,Portuguese Man o' War,Physalia physalis,Fragata portuguesa,Animalia,117302
260721459,91fcf9a4-2649-4f63-bf6c-bf355aedca41,2022/05/08 12:05,2022-05-08,2022-05-08 12:05:00 UTC,Azores,8887507,geoffrey-delahaye,,2025-02-05 17:00:39 UTC,2025-06-30 05:18:50 UTC,research,CC-BY-NC,https://www.inaturalist.org/observations/260721459,https://inaturalist-open-data.s3.amazonaws.com/photos/468260865/medium.jpeg,,"",,2,0,false,,,38.3356025176,-28.3444653593,1953,,,,1953,,,false,,,Physalie,Physalia physalis,Fragata portuguesa,Animalia,117302
260820386,ebf0b370-9e38-4281-ab26-e0365c19f448,2025-02-06 16:35:42,2025-02-06,2025-02-06 17:35:42 UTC,Azores,5652620,damosa99,Dani Moreno Sanchez,2025-02-06 17:36:44 UTC,2025-02-12 11:33:47 UTC,research,,https://www.inaturalist.org/observations/260820386,https://static.inaturalist.org/photos/468610799/medium.jpeg,,"",,3,0,false,2,"Ribeira Quente - Praia, 9675 Ribeira Quente, Portugal",37.7303467631,-25.3090902418,4,,,,4,,,false,gps,gps,Portuguese Man o' War,Physalia physalis,Fragata portuguesa,Animalia,117302
262355188,102f6e34-3b99-4c1d-ac97-2d1a5f45a8c4,2025-02-15 17:34:21-01:00,2025-02-15,2025-02-15 18:34:21 UTC,Azores,6622396,joanamfm,Joana Margarida,2025-02-20 06:44:32 UTC,2025-02-21 12:44:58 UTC,research,,https://www.inaturalist.org/observations/262355188,https://static.inaturalist.org/photos/471329171/medium.jpg,,"","",2,0,false,3,"Praia de Porto Pim, Horta, Açores, PT",38.5245333333,-28.625645,4,,,,4,,,false,,,Caravela-portuguesa,Physalia physalis,Fragata portuguesa,Animalia,117302
262844566,6c6794e7-1090-4825-b454-38d8e034fd14,2018/06/25 18:00,2018-06-25,2018-06-25 18:00:00 UTC,Azores,7840501,fkfhof,"",2025-02-23 19:01:10 UTC,2025-02-25 10:46:24 UTC,research,CC-BY-NC,https://www.inaturalist.org/observations/262844566,https://inaturalist-open-data.s3.amazonaws.com/photos/472082832/medium.jpeg,,"",,1,0,false,,"Santa Cruz das Flores, Portugal",39.4604235598,-31.1268086177,204,,,,204,,,false,,,Portugiesische Galeere,Physalia physalis,Fragata portuguesa,Animalia,117302
264935774,fe0159ae-eef2-4035-9060-01d47a4149e4,2024-05-20 14:33:06,2024-05-20,2024-05-20 14:33:06 UTC,Azores,8968854,marvin12748,Marvin Foppe,2025-03-11 15:02:30 UTC,2025-03-17 17:04:32 UTC,research,,https://www.inaturalist.org/observations/264935774,https://static.inaturalist.org/photos/475795571/medium.jpeg,,"",,3,0,false,2,Portugal,37.7270461219,-25.6755946577,231029,,,,231029,,,false,gps,gps,Portugiesische Galeere,Physalia physalis,Fragata portuguesa,Animalia,117302
266363741,5835eb20-ca4d-4aea-b691-18adc1558a25,2023-08-29 18:20:08+01:00,2023-08-29,2023-08-29 17:20:08 UTC,Azores,8965087,inesvdiass,,2025-03-22 12:43:13 UTC,2025-04-09 14:44:04 UTC,research,CC-BY-NC,https://www.inaturalist.org/observations/266363741,https://inaturalist-open-data.s3.amazonaws.com/photos/478579409/medium.jpg,,"","",5,0,false,3,"Poça Simão Dias, Velas, Azores, PT",38.67915,-28.0534833333,19,,,,19,,,false,,,Portuguese Man o' War,Physalia physalis,Fragata portuguesa,Animalia,117302
267679536,56eae64a-e65f-433e-bfab-aab4114ab197,2025-03-30 10:42:54,2025-03-30,2025-03-30 11:42:54 UTC,Azores,8385946,valternrmedeiros,Valter Medeiros,2025-03-30 11:00:36 UTC,2025-04-10 15:04:22 UTC,research,CC-BY-NC,https://www.inaturalist.org/observations/267679536,https://inaturalist-open-data.s3.amazonaws.com/photos/481076481/medium.jpeg,,"",,3,0,false,2,"Aeródromo do Corvo, 9980 Corvo, Portugal",39.6726171081,-31.1214961857,49,,,,49,,,false,gps,gps,Caravela-portuguesa,Physalia physalis,Fragata portuguesa,Animalia,117302
268200386,9a9d89ba-3c82-4c59-824a-d187cdff6e1e,2020-10-14 15:57:01,2020-10-14,2020-10-14 15:57:01 UTC,Azores,8778829,carlosbellido1971,,2025-04-02 09:48:45 UTC,2025-04-10 16:01:17 UTC,research,CC-BY-NC,https://www.inaturalist.org/observations/268200386,https://inaturalist-open-data.s3.amazonaws.com/photos/482064348/medium.jpeg,,"",,4,0,false,2,Portugal,39.6656505874,-31.073551029,3538,,,,3538,,,false,gps,gps,Fragata portuguesa,Physalia physalis,Fragata portuguesa,Animalia,117302
268259111,47960a5c-d3d7-42c4-abb4-0df4f1cd7061,2025-04-01 16:39:57,2025-04-01,2025-04-01 16:39:57 UTC,Azores,4612350,caroline_sorensen,Caroline Sørensen,2025-04-02 18:23:56 UTC,2025-04-10 16:06:03 UTC,research,,https://www.inaturalist.org/observations/268259111,https://static.inaturalist.org/photos/482173101/medium.jpeg,,"",,5,0,false,2,"Ilha das Flores, 9960, Portugal",39.4530765299,-31.2666540493,6,,,,6,,,false,,,Portuguese Man o' War,Physalia physalis,Fragata portuguesa,Animalia,117302
268371638,790a0662-db60-4467-a762-47099181ff1c,2025/02/22 18:02,2025-02-22,2025-02-22 19:02:00 UTC,Azores,5723396,gabiborer,,2025-04-03 12:54:40 UTC,2025-04-10 16:23:27 UTC,research,CC-BY-NC,https://www.inaturalist.org/observations/268371638,https://inaturalist-open-data.s3.amazonaws.com/photos/482393113/medium.jpeg,,"",,3,0,false,,"Ponta Delgada, Portugal",37.7505333333,-25.6178777778,16,,,,16,,,false,,,Caravela-portuguesa,Physalia physalis,Fragata portuguesa,Animalia,117302
269589711,026f2216-220f-41ae-bfbc-d5bc2699f5de,2025-04-09 12:51:25Z,2025-04-09,2025-04-09 12:51:25 UTC,Azores,2965007,thierryboislard,Thierry Boislard,2025-04-10 11:10:09 UTC,2025-12-19 14:08:19 UTC,research,,https://www.inaturalist.org/observations/269589711,https://static.inaturalist.org/photos/488740684/medium.jpg,,"","",2,0,false,3,"São Miguel Island, Povoação, Açores, PT",37.744175,-25.2346033333,45,,,,45,,,false,,,Physalie,Physalia physalis,Fragata portuguesa,Animalia,117302
270177408,26c577e4-aa2a-4d12-b5ee-6abed9195b83,2025-04-13 12:32:36Z,2025-04-13,2025-04-13 12:32:36 UTC,Azores,7326500,dswanwrt,,2025-04-13 12:36:55 UTC,2025-04-14 10:46:45 UTC,research,CC-BY-NC,https://www.inaturalist.org/observations/270177408,https://inaturalist-open-data.s3.amazonaws.com/photos/485861660/medium.jpg,,"","",4,0,false,3,"São Miguel Island, Ponta Delgada, Azores, PT",37.8883283333,-25.8240333333,4,,,,4,,,false,,,Portuguese Man o' War,Physalia physalis,Fragata portuguesa,Animalia,117302
271415797,35d1ae5a-feb5-471a-b6cf-c496cdb0bc1c,2024-07-09 13:38:41+02:00,2024-07-09,2024-07-09 11:38:41 UTC,Azores,5576127,iamerica,,2025-04-19 11:54:22 UTC,2025-04-22 10:51:55 UTC,research,CC-BY-NC,https://www.inaturalist.org/observations/271415797,https://inaturalist-open-data.s3.amazonaws.com/photos/488217630/medium.jpg,,"","",3,0,false,3,"Faial Island, Horta, Azzorre, PT",38.5919216667,-28.828175,21,,,,21,,,false,,,Portuguese Man o' War,Physalia physalis,Fragata portuguesa,Animalia,117302
271481201,ffad2835-3ac1-4a62-92bd-1e10a7640bd7,2025-04-19 15:28:22,2025-04-19,2025-04-19 15:28:22 UTC,Azores,4100491,drzenuno,JoseNuno GomesPereira,2025-04-19 16:55:02 UTC,2025-04-22 10:55:25 UTC,research,,https://www.inaturalist.org/observations/271481201,https://static.inaturalist.org/photos/488336003/medium.jpeg,,"",,1,0,false,2,"Horta, PT-AC, PT",38.5462583133,-28.7920932099,5,,,,5,,,false,gps,gps,Portuguese Man o' War,Physalia physalis,Fragata portuguesa,Animalia,117302
277809412,54e0b752-a564-448f-851f-7eee1cb685a3,2025-05-02 15:29:09,2025-05-02,2025-05-02 15:29:09 UTC,Azores,4100491,drzenuno,JoseNuno GomesPereira,2025-05-02 19:22:46 UTC,2025-05-14 00:13:27 UTC,research,,https://www.inaturalist.org/observations/277809412,https://static.inaturalist.org/photos/504406866/medium.jpeg,,"",,1,0,false,2,"9900-016 Horta, Portugal",38.6412716226,-28.8506843895,4473,,,,4473,,,false,gps,gps,Portuguese Man o' War,Physalia physalis,Fragata portuguesa,Animalia,117302
277819237,4246bf2b-3e6d-4676-b466-0c1330435e13,2024-06-18 17:48:35,2024-06-18,2024-06-18 17:48:35 UTC,Azores,4010498,j_ponte,João Ponte,2025-05-02 19:56:03 UTC,2025-05-05 12:14:43 UTC,research,CC-BY-NC,https://www.inaturalist.org/observations/277819237,https://inaturalist-open-data.s3.amazonaws.com/photos/498843463/medium.jpeg,,"",,4,0,false,2,"Mosteiros, Portugal",37.8885361111,-25.8209333333,,,,,,,,false,gps,gps,Caravela-portuguesa,Physalia physalis,Fragata portuguesa,Animalia,117302
279488587,5dc3a5c0-fde4-4547-b6f0-13c7d8ffbd7e,2023/08/30 2:31 PM,2023-08-30,2023-08-30 14:31:00 UTC,Azores,9103866,artoms,Art Riz,2025-05-08 15:55:21 UTC,2025-05-09 10:21:05 UTC,research,CC-BY-NC,https://www.inaturalist.org/observations/279488587,https://inaturalist-open-data.s3.amazonaws.com/photos/501882291/medium.jpg,,"",,3,0,false,,"Lajes do Pico, Portugal",38.4311896558,-28.2502859246,23389,,,,23389,,,false,,,Portuguese Man o' War,Physalia physalis,Fragata portuguesa,Animalia,117302
280273287,fca6479b-1367-4207-bac3-417b2ab02145,2022/10/28 13:31,2022-10-28,2022-10-28 13:31:00 UTC,Azores,2156163,miguelberkemeier,Miguel Berkemeier,2025-05-11 16:44:05 UTC,2025-05-14 09:07:27 UTC,research,CC-BY-NC,https://www.inaturalist.org/observations/280273287,https://inaturalist-open-data.s3.amazonaws.com/photos/503360538/medium.jpeg,,"",Encontrada: Corvo 22,2,0,false,,Corvo,39.6837945755,-31.1094039368,4885,,,,4885,,,false,,,Caravela-portuguesa,Physalia physalis,Fragata portuguesa,Animalia,117302
280586900,e0424ba6-7af2-4d45-8cf7-17596b8733c5,2025-05-12 18:16:26,2025-05-12,2025-05-12 18:16:26 UTC,Azores,3458302,filipe37,Filipe Pires,2025-05-12 18:18:49 UTC,2025-05-14 08:29:36 UTC,research,,https://www.inaturalist.org/observations/280586900,https://static.inaturalist.org/photos/503954840/medium.jpeg,,"",,3,0,false,2,"9900 Praia do Norte, Portugal",38.6053944444,-28.7637055556,,,,,,,,false,gps,gps,Caravela-portuguesa,Physalia physalis,Fragata portuguesa,Animalia,117302
282148525,0e2c6513-ea0b-407f-a812-4def20a85925,2025-05-18 13:49:42Z,2025-05-18,2025-05-18 13:49:42 UTC,Azores,1142232,spacehead,Ane Liv Berthelsen,2025-05-18 18:31:30 UTC,2025-05-19 11:00:27 UTC,research,,https://www.inaturalist.org/observations/282148525,https://static.inaturalist.org/photos/506889230/medium.jpg,,"","",4,0,false,3,"Porto Pim Beach, Horta, Azorerne, PT",38.5250383333,-28.6259116667,4,,,,4,,,false,,,Portuguese Man o' War,Physalia physalis,Fragata portuguesa,Animalia,117302
282213062,09cc02c0-8b1d-44d2-8c39-82cffd8f1e48,2025-05-18 20:32:16Z,2025-05-18,2025-05-18 20:32:16 UTC,Azores,9324826,natallias,,2025-05-18 22:01:51 UTC,2025-05-19 11:03:41 UTC,research,CC-BY-NC,https://www.inaturalist.org/observations/282213062,https://inaturalist-open-data.s3.amazonaws.com/photos/507010982/medium.jpg,,"","",3,0,false,3,"Ilha de São Miguel, Vila Franca do Campo, PT",37.715605,-25.47118,14,,,,14,,,false,,,Caravela-portuguesa,Physalia physalis,Fragata portuguesa,Animalia,117302
284020694,3b7821b3-a421-4a29-8e37-b77fec101fc9,2025-05-25 18:04:03,2025-05-25,2025-05-25 18:04:03 UTC,Azores,4421119,clem_longifolia,Clémence Massard,2025-05-25 18:06:52 UTC,2025-06-29 14:34:15 UTC,research,,https://www.inaturalist.org/observations/284020694,https://static.inaturalist.org/photos/510389235/medium.jpg,,"",,5,0,false,2,Portugal,38.653604,-27.219588,,,,,,,,false,gps,gps,Portuguese Man o' War,Physalia physalis,Fragata portuguesa,Animalia,117302
284525492,ffe02c00-d2c8-4336-b1cd-237fb505cf55,2025-05-27 11:47:22,2025-05-27,2025-05-27 11:47:22 UTC,Azores,2138373,maarten40,Maarten Vanhove,2025-05-27 11:47:38 UTC,2025-05-28 10:59:01 UTC,research,,https://www.inaturalist.org/observations/284525492,https://static.inaturalist.org/photos/511456813/medium.jpg,,"","",3,0,false,2,Portugal,37.7437733333,-25.7237466667,3,,,,3,,,false,,,Portugees oorlogsschip,Physalia physalis,Fragata portuguesa,Animalia,117302
285174236,682c3659-c28d-41ef-85f9-2e9c37543503,2025-05-29 21:00:17,2025-05-29,2025-05-29 21:00:17 UTC,Azores,2138373,maarten40,Maarten Vanhove,2025-05-29 21:04:38 UTC,2025-06-26 13:59:47 UTC,needs_id,,https://www.inaturalist.org/observations/285174236,https://static.inaturalist.org/photos/512568101/medium.jpg,,"",,3,0,false,2,"Livramento - Fábrica Da Fibra, 9500, Portugal",37.7503834583,-25.6179901958,4,,,,4,,,false,gps,gps,Neteldieren,Physalia physalis,Fragata portuguesa,Animalia,117302
286214791,de42209b-d219-46c4-a9a6-09de52f55f7c,2024/07/25 08:20,2024-07-25,2024-07-25 08:20:00 UTC,Azores,9367450,pedroalvestabem,,2025-06-02 08:21:13 UTC,2025-12-19 14:08:14 UTC,research,CC-BY-NC,https://www.inaturalist.org/observations/286214791,https://inaturalist-open-data.s3.amazonaws.com/photos/514524211/medium.jpg,,"",,2,0,false,,,37.6631017848,-25.6522009386,3906,,,,3906,,,false,,,Caravela-portuguesa-do-Atlântico,Physalia physalis,Fragata portuguesa,Animalia,117302
287004470,ff78ef09-b6fb-46a9-8db1-c5bdbe7625bf,2025/05/21 10:07 AM,2025-05-21,2025-05-21 10:07:00 UTC,Azores,8959813,pcurious,,2025-06-05 09:34:20 UTC,2025-06-07 19:34:45 UTC,research,CC-BY,https://www.inaturalist.org/observations/287004470,https://inaturalist-open-data.s3.amazonaws.com/photos/516024958/medium.jpg,,"",,3,0,false,,"Azores, PT",37.6749988265,-25.4625365398,3906,,,,3906,,,false,,,Portuguese Man o' War,Physalia physalis,Fragata portuguesa,Animalia,117302
287542418,56ce17aa-199f-4818-95d3-349bbe77ed87,2025-06-07 11:40:30,2025-06-07,2025-06-07 11:40:30 UTC,Azores,4100491,drzenuno,JoseNuno GomesPereira,2025-06-07 11:44:01 UTC,2025-07-07 00:44:54 UTC,research,,https://www.inaturalist.org/observations/287542418,https://static.inaturalist.org/photos/517030510/medium.jpg,,"",,2,0,false,2,Portugal,38.6273898869,-28.4214018658,9,,,,9,,,false,,,Portuguese Man o' War,Physalia physalis,Fragata portuguesa,Animalia,117302
287866454,83640dca-8b73-4c5b-a98a-4207aaeba262,2025/05/13 11:46 AM,2025-05-13,2025-05-13 11:46:00 UTC,Azores,10818,anarainho,Ana Rainho,2025-06-08 12:47:56 UTC,2025-06-29 14:28:20 UTC,research,,https://www.inaturalist.org/observations/287866454,https://static.inaturalist.org/photos/517631532/medium.jpg,,"",,5,0,false,,approximate,38.3918257291,-28.2824187115,244,,,,244,,,false,,,Portuguese Man o' War,Physalia physalis,Fragata portuguesa,Animalia,117302
288304734,936ec2f5-142f-405e-928d-21dff596db42,2025-06-09 12:26:27Z,2025-06-09,2025-06-09 12:26:27 UTC,Azores,2175285,paulformisano,Paul Formisano,2025-06-09 21:04:39 UTC,2025-06-11 21:10:41 UTC,research,,https://www.inaturalist.org/observations/288304734,https://static.inaturalist.org/photos/518457525/medium.jpg,,"","",4,0,false,3,"Praia da Viola, Ribeira Grande, Azores, PT",37.8389333333,-25.3663883333,14,,,,14,,,false,,,Portuguese Man o' War,Physalia physalis,Fragata portuguesa,Animalia,117302
289623145,54e938e4-e26c-474a-a670-fdd9b97e72e6,2025/06/09 22:21,2025-06-09,2025-06-09 22:21:00 UTC,Azores,9139869,guillaume_peron,guillaume peron,2025-06-14 20:06:41 UTC,2025-06-29 14:27:26 UTC,research,CC-BY-NC,https://www.inaturalist.org/observations/289623145,https://inaturalist-open-data.s3.amazonaws.com/photos/520927443/medium.jpg,,"",,4,0,false,,"Corvo, PT-AC, PT",39.6728022126,-31.1217078975,15,,,,15,,,false,,,Physalie,Physalia physalis,Fragata portuguesa,Animalia,117302
292190686,327f57de-3641-40f0-8ec0-9c0acbc919d8,2025/06/19 4:03 PM,2025-06-19,2025-06-19 16:03:00 UTC,Azores,769306,taniaaraujo,Tânia Araújo,2025-06-23 21:06:44 UTC,2025-07-14 14:19:53 UTC,research,CC-BY-NC,https://www.inaturalist.org/observations/292190686,https://inaturalist-open-data.s3.amazonaws.com/photos/525787966/medium.jpg,,"",,3,0,false,,"Mosteiros, Portugal",37.8878082323,-25.8239058799,172,,,,172,,,false,,,Caravela-portuguesa-do-Atlântico,Physalia physalis,Fragata portuguesa,Animalia,117302
292419022,2b0db07b-2820-49dc-867f-2fdf9e54b972,2025-06-23 17:49:01Z,2025-06-23,2025-06-23 17:49:01 UTC,Etc/GMT+2,9385264,moritz_mauersberger,Moritz Mauersberger,2025-06-24 18:32:48 UTC,2025-09-22 17:08:59 UTC,research,CC-BY-NC,https://www.inaturalist.org/observations/292419022,https://inaturalist-open-data.s3.amazonaws.com/photos/526221102/medium.jpg,,"","",2,0,false,3,Nordatlantik,38.0045861167,-29.2981966667,5,,,,5,,,false,,,Portugiesische Galeere,Physalia physalis,Fragata portuguesa,Animalia,117302
292569416,1a4bae7c-3fe3-44a4-a21b-9a60d54b7095,2025-06-25 08:42:44Z,2025-06-25,2025-06-25 08:42:44 UTC,Azores,7004490,tthomxas,,2025-06-25 08:42:49 UTC,2025-07-01 13:14:10 UTC,research,CC-BY-NC,https://www.inaturalist.org/observations/292569416,https://inaturalist-open-data.s3.amazonaws.com/photos/526514582/medium.jpg,,"","",3,0,false,3,"Praia do Areal de Santa Bárbara, Ribeira Grande, Azzorre, PT",37.816975,-25.5481633333,13,,,,13,,,false,,,caravella portoghese,Physalia physalis,Fragata portuguesa,Animalia,117302
293374849,6c9185b5-105e-43a2-9015-8a9ee9deb747,Thu Jan 01 1970 01:00:00 GMT +0100 (GMT),1970-01-01,1970-01-01 02:00:00 UTC,Azores,7004490,tthomxas,,2025-06-28 13:08:58 UTC,2025-07-04 16:32:55 UTC,research,CC-BY-NC,https://www.inaturalist.org/observations/293374849,https://inaturalist-open-data.s3.amazonaws.com/photos/528035504/medium.jpg,,"",,2,0,false,333,Ribeira Grande,37.8169746399,-25.5481624603,,,,,,,,false,,,caravella portoghese,Physalia physalis,Fragata portuguesa,Animalia,117302
293521891,58952134-492d-45c6-9ac2-8bfc9f2348e2,2025/04/07 11:25 AM,2025-04-07,2025-04-07 11:25:00 UTC,Azores,1355499,joaotiagotavares,Joao Tiago Tavares,2025-06-28 21:44:12 UTC,2025-07-04 16:33:40 UTC,research,CC-BY-NC,https://www.inaturalist.org/observations/293521891,https://static.inaturalist.org/photos/528303449/medium.jpg,,"",,3,0,false,,"Porto Martins, Portugal",38.6807083333,-27.0555472222,,,,,,,,false,,,Caravela-portuguesa-do-Atlântico,Physalia physalis,Fragata portuguesa,Animalia,117302
295806914,92204ec0-827b-4916-8b57-e2cbffa203c7,2024-10-20 17:20:24,2024-10-20,2024-10-20 17:20:24 UTC,Azores,4567599,soraiaguerra,"",2025-07-06 20:37:44 UTC,2025-07-08 15:40:56 UTC,research,CC-BY-NC,https://www.inaturalist.org/observations/295806914,https://inaturalist-open-data.s3.amazonaws.com/photos/532558967/medium.jpg,,"",,4,0,false,2,"Santa Cruz das Flores, 9970, Portugal",39.4474396106,-31.1939449981,10476,,,,10476,,,false,gps,gps,Caravela-portuguesa-do-Atlântico,Physalia physalis,Fragata portuguesa,Animalia,117302
296850200,3135972b-6520-4b89-aa21-fe1d8847edc1,2025/07/01 4:07 PM,2025-07-01,2025-07-01 16:07:00 UTC,Azores,2401694,william_stephens,William Stephens,2025-07-10 20:21:55 UTC,2025-07-11 09:41:40 UTC,research,CC-BY,https://www.inaturalist.org/observations/296850200,https://inaturalist-open-data.s3.amazonaws.com/photos/534553858/medium.jpg,,"",,3,0,false,,"",39.55884,-31.052617,,,,,,,,false,,,Portuguese Man o' War,Physalia physalis,Fragata portuguesa,Animalia,117302
298532989,7cd67f42-aeb0-413d-af54-ed1513d0ee64,2024-05-01 04:55:26,2024-05-01,2024-05-01 04:55:26 UTC,Azores,9287651,lenit,,2025-07-16 22:14:58 UTC,2025-07-18 11:06:12 UTC,research,CC-BY-NC,https://www.inaturalist.org/observations/298532989,https://inaturalist-open-data.s3.amazonaws.com/photos/537748212/medium.jpg,,"",,3,0,false,2,Portugal,38.3942730578,-28.2583560795,138,,,,138,,,false,gps,gps,Portugiesische Galeere,Physalia physalis,Fragata portuguesa,Animalia,117302
300527913,99a8522f-d2fa-4037-967d-ea00417c52d2,2025/07/23 10:20,2025-07-23,2025-07-23 10:20:00 UTC,Azores,1766821,benake,Daniel Benák,2025-07-23 23:01:44 UTC,2026-06-26 10:43:03 UTC,research,CC-BY,https://www.inaturalist.org/observations/300527913,https://inaturalist-open-data.s3.amazonaws.com/photos/541494896/medium.jpg,,"",,3,0,false,,"Lajes do Pico, PT-AC, PT",38.3889145354,-28.2628837094,6069,,,,6069,,,false,,,měchýřovka portugalská,Physalia physalis,Fragata portuguesa,Animalia,117302
301148758,87514cef-a346-4e7a-be23-789607b8149f,2025/07/23 10:45 AM,2025-07-23,2025-07-23 10:45:00 UTC,Azores,979636,ruseva,Vsevolod Rudyi,2025-07-26 08:28:04 UTC,2025-07-28 14:37:15 UTC,research,CC-BY,https://www.inaturalist.org/observations/301148758,https://inaturalist-open-data.s3.amazonaws.com/photos/542649942/medium.jpg,,"",,4,0,false,,"9930 Lajes do Pico, Portugal",38.3337504282,-28.2700435698,5593,,,,5593,,,false,,,Portuguese Man o' War,Physalia physalis,Fragata portuguesa,Animalia,117302
302033852,73b5f78c-77b5-4d48-bdf8-6fa4b956c75e,2025/07/23 11:32 AM,2025-07-23,2025-07-23 11:32:00 UTC,Azores,1476120,opisska,Jan Ebr &amp; Ivana Ebrová,2025-07-29 07:41:30 UTC,2025-07-29 14:41:59 UTC,research,CC-BY,https://www.inaturalist.org/observations/302033852,https://inaturalist-open-data.s3.amazonaws.com/photos/544306293/medium.jpg,,"",,4,0,false,,"Lajes do Pico, Azores",38.3418621968,-28.2108365303,,,,,,,,false,,,Portuguese Man o' War,Physalia physalis,Fragata portuguesa,Animalia,117302
305751985,ecc5d473-b6e3-4038-a997-84ec48b6713c,2025-08-11 10:11:21,2025-08-11,2025-08-11 10:11:21 UTC,Azores,4100491,drzenuno,JoseNuno GomesPereira,2025-08-12 12:14:28 UTC,2025-08-13 14:34:18 UTC,research,,https://www.inaturalist.org/observations/305751985,https://static.inaturalist.org/photos/551316936/medium.jpg,,"",,3,0,false,2,Portugal,38.7075430985,-28.7005933374,2179,,,,2179,,,false,gps,gps,Portuguese Man o' War,Physalia physalis,Fragata portuguesa,Animalia,117302
306574045,de0355b1-674f-4341-b013-d8c04984e214,2025-08-15 15:25:23,2025-08-15,2025-08-15 15:25:23 UTC,Azores,2767301,carlobottinelli,Carlo Bottinelli,2025-08-15 20:40:07 UTC,2025-08-18 11:25:08 UTC,research,,https://www.inaturalist.org/observations/306574045,https://static.inaturalist.org/photos/552880200/medium.jpg,,"",,3,0,false,2,Portogallo,38.5917212231,-28.8285695761,195,,,,195,,,false,,,caravella portoghese,Physalia physalis,Fragata portuguesa,Animalia,117302
306574171,88073011-a2c2-4544-92a6-5f79038e36cd,2025-08-15 15:31:20,2025-08-15,2025-08-15 15:31:20 UTC,Azores,2767301,carlobottinelli,Carlo Bottinelli,2025-08-15 20:40:46 UTC,2025-08-18 11:28:16 UTC,research,,https://www.inaturalist.org/observations/306574171,https://static.inaturalist.org/photos/552880466/medium.jpg,,"",,3,0,false,2,"Capelo, 9900, Portogallo",38.5920181111,-28.8278179167,,,,,,,,false,gps,gps,caravella portoghese,Physalia physalis,Fragata portuguesa,Animalia,117302
310303972,d7038726-14ae-42dc-9f61-a726cb60b3ac,2022-06-06 17:47:28Z,2022-06-06,2022-06-06 17:47:28 UTC,Azores,6365568,david_muc,,2025-08-30 20:50:08 UTC,2025-09-05 08:56:11 UTC,research,CC-BY-NC,https://www.inaturalist.org/observations/310303972,https://inaturalist-open-data.s3.amazonaws.com/photos/560024539/medium.jpg,,"","",3,0,false,3,"Faial Island, Horta, Azoren, PT",38.5201613203,-28.6201462189,33,,,,33,,,false,,,Portuguese Man o' War,Physalia physalis,Fragata portuguesa,Animalia,117302
310586001,285792fa-f702-4f15-bcfa-66513f2dead4,2019-06-15 21:15:43,2019-06-15,2019-06-15 21:15:43 UTC,Azores,9697595,ohajcan,,2025-08-31 20:31:37 UTC,2025-09-05 10:31:34 UTC,research,CC-BY-NC,https://www.inaturalist.org/observations/310586001,https://inaturalist-open-data.s3.amazonaws.com/photos/560562445/medium.jpg,,"",,4,0,false,843,"Avenida Diogo de Teives, Santa Cruz das Flores, PT",39.4530142444,-31.1253009807,648,,,,648,,,false,,,Physalia physalis,Physalia physalis,Fragata portuguesa,Animalia,117302
312950645,a6dba7f4-43a7-4072-a0be-590aa80872d3,2022/05/07 11:05 AM,2022-05-07,2022-05-07 11:05:00 UTC,Azores,9151653,dijanazg,Dijana Dubrović,2025-09-10 18:11:59 UTC,2026-02-28 18:19:14 UTC,research,CC-BY-NC,https://www.inaturalist.org/observations/312950645,https://inaturalist-open-data.s3.amazonaws.com/photos/565092326/medium.jpg,,"Otok Horta, Azori, Portugal","",1,0,false,,"Horta, 9900, Portugal",38.5919222222,-28.8281083333,5,,,,5,,,false,,"",Physalia physalis,Physalia physalis,Fragata portuguesa,Animalia,117302
313361140,8b745dcb-7b4f-4301-bb52-660f7e926b84,2025-09-12 15:10:09Z,2025-09-12,2025-09-12 15:10:09 UTC,Azores,3840127,kmole,KMole,2025-09-12 16:48:46 UTC,2025-09-16 14:30:15 UTC,research,CC-BY-NC,https://www.inaturalist.org/observations/313361140,https://inaturalist-open-data.s3.amazonaws.com/photos/565878628/medium.jpg,,"","",5,1,false,3,"Horta, PT-AC, PT",38.5242683782,-28.6256410183,3,,,,3,,,false,,,Portuguese Man o' War,Physalia physalis,Fragata portuguesa,Animalia,117302
313806582,1d7b76c2-f09b-4f5b-89d8-3d18e339acc6,2018/10/09 7:20 PM,2018-10-09,2018-10-09 19:20:00 UTC,Azores,5758818,hubsterpro,Hubert Stelmach,2025-09-14 10:56:42 UTC,2025-09-16 15:18:02 UTC,research,,https://www.inaturalist.org/observations/313806582,https://static.inaturalist.org/photos/566728760/medium.jpg,,"2018, październik, Lizbona, Corvo, Portugalia",,4,0,false,,"Vila do Corvo, 9980, Portugal",39.6722767891,-31.1217526408,2,,,,2,,,false,,,Portuguese Man o' War,Physalia physalis,Fragata portuguesa,Animalia,117302
314023922,78c26990-1285-4c9e-b17e-cc495fef23f7,2025/07/23 9:27 AM,2025-07-23,2025-07-23 09:27:00 UTC,Azores,5704973,jonathanbensimon,Jonathan Ben Simon,2025-09-15 02:36:19 UTC,2025-09-23 21:40:27 UTC,research,CC-BY-NC,https://www.inaturalist.org/observations/314023922,https://static.inaturalist.org/photos/567141624/medium.jpg,,"",,4,1,false,,,38.349789346,-28.2951431394,5671,,,,5671,,,false,,,Portuguese Man o' War,Physalia physalis,Fragata portuguesa,Animalia,117302
314823358,58f639dc-0088-4fb5-b05a-fd081542f019,2025/06/29 20:35,2025-06-29,2025-06-29 20:35:00 UTC,Azores,2156163,miguelberkemeier,Miguel Berkemeier,2025-09-18 16:34:38 UTC,2025-12-06 11:35:52 UTC,research,CC-BY-NC,https://www.inaturalist.org/observations/314823358,https://inaturalist-open-data.s3.amazonaws.com/photos/568652924/medium.jpg,,"",,4,0,false,,"Praia, Portugal",39.050411,-27.9732248,677,,,,677,,,false,,,Caravela-portuguesa-do-Atlântico,Physalia physalis,Fragata portuguesa,Animalia,117302
319952313,8cba4299-0080-4576-ac1c-993fbd137a9f,2025-10-10 08:57:13,2025-10-10,2025-10-10 08:57:13 UTC,Azores,2382366,tiagotg7,Tiago Guerreiro,2025-10-10 13:39:02 UTC,2025-10-14 12:47:49 UTC,research,,https://www.inaturalist.org/observations/319952313,https://static.inaturalist.org/photos/578421943/medium.jpg,,"",,2,0,false,2,"Corvo, PT-AC, PT",39.6728390425,-31.1215387657,127,,,,127,,,false,gps,gps,Portuguese Man o' War,Physalia physalis,Fragata portuguesa,Animalia,117302
324153904,a9d25a31-e0ec-46de-acf4-977ecd0d488e,2025-05-02 13:28:12,2025-05-02,2025-05-02 13:28:12 UTC,Azores,6486163,utae,"",2025-10-31 14:01:36 UTC,2025-11-04 15:18:05 UTC,research,CC-BY-NC,https://www.inaturalist.org/observations/324153904,https://inaturalist-open-data.s3.amazonaws.com/photos/586656923/medium.jpg,,"",,3,0,false,843,PT,38.6796533333,-28.697325,4,,,,4,,,false,,,Portugiesische Galeere,Physalia physalis,Fragata portuguesa,Animalia,117302
324907862,57517235-e3ae-49a9-ae64-9bb8983fc963,2025-11-04 17:46:56,2025-11-04,2025-11-04 18:46:56 UTC,Azores,5714024,charadrayus,Marcela Poddaniec,2025-11-04 18:49:12 UTC,2025-11-05 10:05:20 UTC,research,CC-BY-NC,https://www.inaturalist.org/observations/324907862,https://inaturalist-open-data.s3.amazonaws.com/photos/588172917/medium.jpg,,"",,2,0,false,2,"Port lotniczy Corvo, 9980 Corvo, Portugalia",39.6714398,-31.1220788,,,,,,,,false,gps,gps,Żeglarz portugalski,Physalia physalis,Fragata portuguesa,Animalia,117302
324907964,1d9f7ab3-c831-49f9-bc5f-3c0fe9786cec,2025-10-31 12:00:16,2025-10-31,2025-10-31 13:00:16 UTC,Azores,5714024,charadrayus,Marcela Poddaniec,2025-11-04 18:49:53 UTC,2025-11-06 19:03:06 UTC,research,CC-BY-NC,https://www.inaturalist.org/observations/324907964,https://inaturalist-open-data.s3.amazonaws.com/photos/588569041/medium.jpg,,"",,1,0,false,2,"Port lotniczy Corvo, 9980 Corvo, Portugalia",39.6724531997,-31.1214805,,,,,,,,false,gps,gps,Żeglarz portugalski,Physalia physalis,Fragata portuguesa,Animalia,117302
326703893,c81b400a-e9d8-46d8-a320-8780fa378030,2007/07/05 1:21 PM,2007-07-05,2007-07-05 13:21:00 UTC,Azores,6451781,wayneosborn,Wayne and Pam Osborn,2025-11-16 00:05:33 UTC,2025-11-18 09:23:05 UTC,research,CC-BY-NC,https://www.inaturalist.org/observations/326703893,https://inaturalist-open-data.s3.amazonaws.com/photos/591747725/medium.jpg,,"",,2,0,false,,"Pico Island, Portugal",38.3800274901,-28.4965226598,5589,,,,5589,,,false,,,Portuguese Man o' War,Physalia physalis,Fragata portuguesa,Animalia,117302
328205535,d5409730-1e0f-4978-b309-63cad63f944a,2025-07-04 12:08:14,2025-07-04,2025-07-04 12:08:14 UTC,Azores,9876437,simon70457,Simon,2025-11-25 15:07:32 UTC,2025-12-04 15:54:28 UTC,research,CC-BY-NC,https://www.inaturalist.org/observations/328205535,https://inaturalist-open-data.s3.amazonaws.com/photos/594684805/medium.jpg,,"",,4,0,false,2,Portugal,39.3736527778,-31.2051805556,,,,,,,,false,gps,gps,Portugiesische Galeere,Physalia physalis,Fragata portuguesa,Animalia,117302
333750244,33bdfd28-1ac6-4f33-899a-b37350a3015d,2011/06/04 4:29 PM,2011-06-04,2011-06-04 16:29:00 UTC,Azores,5080618,rita442,Rita Sousa Melo,2026-01-06 17:29:45 UTC,2026-01-07 13:16:06 UTC,research,,https://www.inaturalist.org/observations/333750244,https://static.inaturalist.org/photos/605935994/medium.jpg,,"",,5,0,false,,"Vila Franca do Campo, PT-AC, PT",37.7054389909,-25.4430881392,244,,,,244,,,false,,,Caravela-portuguesa-do-Atlântico,Physalia physalis,Fragata portuguesa,Animalia,117302
336357806,4e4046ea-1f2f-451d-a00a-afb359306aeb,2022/04/02 11:49 AM,2022-04-02,2022-04-02 11:49:00 UTC,Azores,3422537,martatischer,,2026-01-27 15:22:28 UTC,2026-01-28 13:59:37 UTC,research,CC-BY-NC,https://www.inaturalist.org/observations/336357806,https://inaturalist-open-data.s3.amazonaws.com/photos/611216847/medium.jpg,,"",,4,0,false,,"9680 Vila Franca do Campo, Portugal",37.7168055556,-25.4274472222,65,,,,65,,,false,,,Portuguese Man o' War,Physalia physalis,Fragata portuguesa,Animalia,117302
339736987,63f1d7cc-3dcf-4658-b655-985e06ba95e7,2026-02-21 09:41:47-01:00,2026-02-21,2026-02-21 10:41:47 UTC,Azores,6427098,pecastle,,2026-02-22 14:57:49 UTC,2026-02-23 13:21:13 UTC,research,CC-BY-NC,https://www.inaturalist.org/observations/339736987,https://inaturalist-open-data.s3.amazonaws.com/photos/618091552/medium.jpg,,"","",3,0,false,3,"Praia das Milicias, Ponta Delgada, Azores, PT",37.75055,-25.6232466667,3,,,,3,,,false,,,Portuguese Man o' War,Physalia physalis,Fragata portuguesa,Animalia,117302
340628016,146d9310-4246-4cad-96c4-fe3b5cba1f53,2023-05-05 19:13:00+02:00,2023-05-05,2023-05-05 17:13:00 UTC,Azores,10158554,julie_xabe,,2026-02-28 18:14:02 UTC,2026-03-11 18:36:27 UTC,research,CC-BY-NC,https://www.inaturalist.org/observations/340628016,https://inaturalist-open-data.s3.amazonaws.com/photos/619907620/medium.jpg,,"","",3,0,false,3,"Ilha de São Miguel, Ribeira Grande, Açores, PT",37.8131968131,-25.4639068359,49877,,,,49877,,,false,,,Physalia,Physalia physalis,Fragata portuguesa,Animalia,117302
344250406,bb4eb5d5-3daa-49d8-83dd-e23ec999d652,2023/06/10 9:13 AM,2023-06-10,2023-06-10 11:13:00 UTC,Etc/GMT+2,65966,sfitzgerald86,"",2026-03-21 19:38:51 UTC,2026-05-18 02:27:22 UTC,research,CC-BY-NC,https://www.inaturalist.org/observations/344250406,https://inaturalist-open-data.s3.amazonaws.com/photos/627214076/medium.jpg,,"",,2,0,false,,,37.1916128893,-30.4681846292,5000,,,,5000,,,false,,,Portuguese Man o' War,Physalia physalis,Fragata portuguesa,Animalia,117302
344537104,310c4580-ef08-413c-8796-2bc8edee70d4,2026-03-22 18:16:53,2026-03-22,2026-03-22 19:16:53 UTC,Azores,4421119,clem_longifolia,Clémence Massard,2026-03-22 21:46:25 UTC,2026-03-23 17:03:05 UTC,research,,https://www.inaturalist.org/observations/344537104,https://static.inaturalist.org/photos/627778184/medium.jpg,,"",,3,0,false,2,"Ribeira Grande - Hiper Continente, 9600 Ribeira Grande, Portugal",37.8228179722,-25.5266739722,,,,,,,,false,gps,gps,Portuguese Man o' War,Physalia physalis,Fragata portuguesa,Animalia,117302
345123237,39735e04-9f2b-4209-b24a-727a5dbf4474,2026-03-25 16:26:08,2026-03-25,2026-03-25 17:26:08 UTC,Azores,4431050,carpica,Carlos Picanço,2026-03-25 17:27:35 UTC,2026-03-27 10:44:24 UTC,research,CC-BY-NC,https://www.inaturalist.org/observations/345123237,https://inaturalist-open-data.s3.amazonaws.com/photos/628910498/medium.jpg,,"",,2,0,false,2,"São Mateus, 9880, Portugal",39.0586441319,-27.9760797322,5,,,,5,,,false,gps,gps,Caravela-portuguesa-do-Atlântico,Physalia physalis,Fragata portuguesa,Animalia,117302
346977324,676408a5-e768-49f0-aac9-89de875c43c4,2026-04-03 11:03:38,2026-04-03,2026-04-03 11:03:38 UTC,Azores,2183640,herpfan,Kevin Arbuckle,2026-04-03 12:23:16 UTC,2026-04-06 11:04:40 UTC,research,CC-BY,https://www.inaturalist.org/observations/346977324,https://inaturalist-open-data.s3.amazonaws.com/photos/632575486/medium.jpg,,"",,3,0,false,2,Portugal,37.6372500856,-25.8341799304,,,,,,,,false,gps,gps,Portuguese Man o' War,Physalia physalis,Fragata portuguesa,Animalia,117302
347114353,55ffb587-ba49-4e15-aa42-e2aa6d68b290,2026/03/30 11:43 AM,2026-03-30,2026-03-30 11:43:00 UTC,Azores,979636,ruseva,Vsevolod Rudyi,2026-04-03 22:50:56 UTC,2026-04-06 11:09:04 UTC,research,CC-BY,https://www.inaturalist.org/observations/347114353,https://inaturalist-open-data.s3.amazonaws.com/photos/632846163/medium.jpg,,"",,3,0,false,,"9930 Lajes do Pico, Portugal",38.3932753433,-28.2765340231,244,,,,244,,,false,,,Portuguese Man o' War,Physalia physalis,Fragata portuguesa,Animalia,117302
347506090,a0143624-83c4-4dca-9631-64099a26ed1e,2022/07/04 11:38 AM,2022-07-04,2022-07-04 11:38:00 UTC,Azores,10160756,gabriel_c91,Gabriel C.,2026-04-05 12:14:56 UTC,2026-04-06 11:20:55 UTC,research,CC-BY-NC,https://www.inaturalist.org/observations/347506090,https://inaturalist-open-data.s3.amazonaws.com/photos/633624244/medium.jpg,,"","",2,0,false,,"Angra do Heroísmo, Azores, Portugal",38.6013133333,-27.2494483333,,,,,,,,false,,,Fragata portuguesa,Physalia physalis,Fragata portuguesa,Animalia,117302
347653038,a5defdee-c4cf-4fb7-9a17-37ef1c6136aa,2018-05-20 20:34:51,2018-05-20,2018-05-20 20:34:51 UTC,Azores,10336888,jakub_p_,Jakub P.,2026-04-05 21:59:34 UTC,2026-04-06 11:26:01 UTC,research,CC-BY-NC,https://www.inaturalist.org/observations/347653038,https://inaturalist-open-data.s3.amazonaws.com/photos/633911346/medium.jpg,,"",,4,0,false,843,"Ponta Delgada, PT-AC, PT",37.888925,-25.8250083333,5,,,,5,,,false,,,Żeglarz portugalski,Physalia physalis,Fragata portuguesa,Animalia,117302
355544011,8df12f79-3725-4275-9f33-c3f7ba987747,2026-04-26 11:01:36Z,2026-04-26,2026-04-26 11:01:36 UTC,Azores,5905646,tomten,,2026-04-27 18:11:49 UTC,2026-04-28 08:00:42 UTC,research,CC-BY-NC,https://www.inaturalist.org/observations/355544011,https://inaturalist-open-data.s3.amazonaws.com/photos/648399515/medium.jpg,,"","",2,0,false,3,"Ilha de São Miguel, Povoação, PT",37.7465466667,-25.248505,43,,,,43,,,false,,,měchýřovka portugalská,Physalia physalis,Fragata portuguesa,Animalia,117302
356994848,79166e82-5a24-47b0-b848-e1864c168beb,2026-04-28 16:36:02,2026-04-28,2026-04-28 16:36:02 UTC,Azores,8296921,martonmartonton,Martin W,2026-04-30 22:43:40 UTC,2026-05-04 10:59:18 UTC,research,,https://www.inaturalist.org/observations/356994848,https://static.inaturalist.org/photos/651068620/medium.jpg,,"",,2,0,false,2,"Ribeira Quente - Praia, 9675 Ribeira Quente, Portugal",37.7301694444,-25.3082166667,,,,,,,,false,gps,gps,Portugiesische Galeere,Physalia physalis,Fragata portuguesa,Animalia,117302
356995685,492bf5ea-7a52-498d-88f4-805f4ab1714e,2026-04-28 16:38:15,2026-04-28,2026-04-28 16:38:15 UTC,Azores,8296921,martonmartonton,Martin W,2026-04-30 22:46:05 UTC,2026-05-04 11:02:41 UTC,research,,https://www.inaturalist.org/observations/356995685,https://static.inaturalist.org/photos/651069690/medium.jpg,,"",,2,0,false,2,"Ribeira Quente - Praia, 9675 Ribeira Quente, Portugal",37.7301111111,-25.3084305556,,,,,,,,false,gps,gps,Portugiesische Galeere,Physalia physalis,Fragata portuguesa,Animalia,117302
356995913,31d1268c-e3af-4a26-bce3-6b8538b9098e,2026-04-28 16:40:01,2026-04-28,2026-04-28 16:40:01 UTC,Azores,8296921,martonmartonton,Martin W,2026-04-30 22:47:07 UTC,2026-05-04 11:03:32 UTC,research,,https://www.inaturalist.org/observations/356995913,https://static.inaturalist.org/photos/651070131/medium.jpg,,"",,2,0,false,2,"Ribeira Quente - Praia, 9675 Ribeira Quente, Portugal",37.7301805556,-25.3085305556,,,,,,,,false,gps,gps,Portugiesische Galeere,Physalia physalis,Fragata portuguesa,Animalia,117302
356996076,41753428-b20f-4f90-bb78-6be39c7993aa,2026-04-28 16:40:51,2026-04-28,2026-04-28 16:40:51 UTC,Azores,8296921,martonmartonton,Martin W,2026-04-30 22:47:35 UTC,2026-05-04 11:04:09 UTC,research,,https://www.inaturalist.org/observations/356996076,https://static.inaturalist.org/photos/651070346/medium.jpg,,"",,2,0,false,2,"Ribeira Quente - Praia, 9675 Ribeira Quente, Portugal",37.7301805556,-25.3085305556,,,,,,,,false,gps,gps,Portugiesische Galeere,Physalia physalis,Fragata portuguesa,Animalia,117302
356996210,81a89ace-d498-4533-85a1-ac1357e03378,2026-04-28 16:41:20,2026-04-28,2026-04-28 16:41:20 UTC,Azores,8296921,martonmartonton,Martin W,2026-04-30 22:47:49 UTC,2026-05-04 11:04:56 UTC,research,,https://www.inaturalist.org/observations/356996210,https://static.inaturalist.org/photos/651070482/medium.jpg,,"",,2,0,false,2,"Ribeira Quente - Praia, 9675 Ribeira Quente, Portugal",37.7301805556,-25.3085305556,,,,,,,,false,gps,gps,Portugiesische Galeere,Physalia physalis,Fragata portuguesa,Animalia,117302
358930339,f8c2fbcb-f3a3-4cda-a89d-b3a8d501ff68,2026-05-06 14:47:31Z,2026-05-06,2026-05-06 14:47:31 UTC,Azores,4327649,veronika178,Veronika Borovková,2026-05-06 14:55:17 UTC,2026-05-08 11:29:11 UTC,research,,https://www.inaturalist.org/observations/358930339,https://static.inaturalist.org/photos/654829941/medium.jpg,,"","",3,0,false,3,"Praia do Areal de Santa Bárbara, Ribeira Grande, Azory, PT",37.8179166667,-25.5448833333,8,,,,8,,,false,,,měchýřovka portugalská,Physalia physalis,Fragata portuguesa,Animalia,117302
358956922,f2ea8ae6-4aee-4862-b510-415302ed93b2,2026-05-06 16:29:27,2026-05-06,2026-05-06 16:29:27 UTC,Azores,4431050,carpica,Carlos Picanço,2026-05-06 16:30:34 UTC,2026-05-07 10:06:19 UTC,research,CC-BY-NC,https://www.inaturalist.org/observations/358956922,https://inaturalist-open-data.s3.amazonaws.com/photos/654875639/medium.jpg,,"",,2,0,false,2,"Santa Cruz da Graciosa, Portugal",39.0859682847,-27.994786799,5,,,,5,,,false,gps,gps,Caravela-portuguesa-do-Atlântico,Physalia physalis,Fragata portuguesa,Animalia,117302
359101064,3a76d18c-4cbe-4ef4-8c85-6f6ca248bc91,2022-06-15 13:18:20,2022-06-15,2022-06-15 13:18:20 UTC,Azores,10510441,sanremo21,SanRemo21,2026-05-07 02:30:43 UTC,2026-05-08 11:23:52 UTC,research,CC-BY-NC,https://www.inaturalist.org/observations/359101064,https://inaturalist-open-data.s3.amazonaws.com/photos/655156260/medium.jpg,,"",,4,0,false,843,"Ponta Delgada, PT",37.8582416667,-25.8525216667,4,,,,4,,,false,,,Portuguese Man o' War,Physalia physalis,Fragata portuguesa,Animalia,117302
359230143,b06a7f76-7872-4a6b-b330-f83255406bfe,2026/04/24 3:28 PM,2026-04-24,2026-04-24 15:28:00 UTC,Azores,1438699,jmeerman,Jan Meerman,2026-05-07 15:04:51 UTC,2026-05-08 11:19:33 UTC,research,CC-BY-NC,https://www.inaturalist.org/observations/359230143,https://inaturalist-open-data.s3.amazonaws.com/photos/655400082/medium.jpg,,"",,3,0,false,,"Lajes do Pico, Portugal",38.3905417778,-28.2516615833,,,,,,,,false,,,Portuguese Man o' War,Physalia physalis,Fragata portuguesa,Animalia,117302
359822153,26f5e8a6-79d0-4fbe-801c-4b46eb0408e9,2017-04-06T10:00,2017-04-06,2017-04-06 10:00:00 UTC,Azores,9024540,n_siefi,Nils,2026-05-09 12:57:38 UTC,2026-05-11 20:10:52 UTC,research,CC-BY-NC,https://www.inaturalist.org/observations/359822153,https://inaturalist-open-data.s3.amazonaws.com/photos/656538039/medium.jpg,,"",,2,0,false,843,"Vila Franca do Campo, PT",37.7014410118,-25.3830146231,1013,,,,1013,,,false,,,Portugiesische Galeere,Physalia physalis,Fragata portuguesa,Animalia,117302
360237123,154c488b-f59c-45ef-af2c-808d1d44ba25,2026/04/30 11:18 AM,2026-04-30,2026-04-30 11:18:00 UTC,Azores,9446057,jamesrawson,James Rawson,2026-05-10 14:51:46 UTC,2026-05-15 21:53:58 UTC,research,CC-BY-NC,https://www.inaturalist.org/observations/360237123,https://inaturalist-open-data.s3.amazonaws.com/photos/657319441/medium.jpg,,"","",3,0,false,,"",38.2937433167,-28.3481766667,,,,,,,,false,,,Portuguese Man o' War,Physalia physalis,Fragata portuguesa,Animalia,117302
360935426,4725eb64-83f6-4a46-a7ac-af01c4e0ba22,2026/04/25 3:02 PM,2026-04-25,2026-04-25 15:02:00 UTC,Azores,1438699,jmeerman,Jan Meerman,2026-05-12 18:04:55 UTC,2026-05-13 14:58:11 UTC,research,CC-BY-NC,https://www.inaturalist.org/observations/360935426,https://inaturalist-open-data.s3.amazonaws.com/photos/658658163/medium.jpg,,"",,2,0,false,,,38.3063353732,-28.2971191406,6545,,,,6545,,,false,,,Portuguese Man o' War,Physalia physalis,Fragata portuguesa,Animalia,117302
361089254,4f534716-3dcd-4834-923c-4828011c3777,2026-05-12 15:12:44Z,2026-05-12,2026-05-12 15:12:44 UTC,Azores,791073,rjamacfarlan,J.A.,2026-05-13 06:59:15 UTC,2026-05-13 16:06:43 UTC,research,CC-BY-NC,https://www.inaturalist.org/observations/361089254,https://inaturalist-open-data.s3.amazonaws.com/photos/658963329/medium.jpg,,"","",2,0,false,3,"São Miguel Island, Ribeira Grande, Azores, PT",37.8276633333,-25.5216616667,23,,,,23,,,false,,,Portuguese Man o' War,Physalia physalis,Fragata portuguesa,Animalia,117302
361221406,37ee446b-5e8b-40ee-8dfd-faa65452d1d1,2026-05-13 17:38:14,2026-05-13,2026-05-13 17:38:14 UTC,Azores,9976192,gillianm314,,2026-05-13 18:29:54 UTC,2026-05-14 15:30:57 UTC,research,CC-BY-NC,https://www.inaturalist.org/observations/361221406,https://inaturalist-open-data.s3.amazonaws.com/photos/659208067/medium.jpg,,"",,2,0,false,843,"Rua do Bandejo, Ribeira Grande, Azores, PT",37.8230724184,-25.5278425963,183,,,,183,,,false,,,Portuguese Man o' War,Physalia physalis,Fragata portuguesa,Animalia,117302
361378951,eccfd5b2-3403-4566-9e79-06f6536d1e73,2026-05-14 10:09:45,2026-05-14,2026-05-14 10:09:45 UTC,Azores,4710266,giseladionisio,Gisela Dionisio,2026-05-14 10:10:18 UTC,2026-05-14 15:31:40 UTC,research,CC-BY-NC,https://www.inaturalist.org/observations/361378951,https://inaturalist-open-data.s3.amazonaws.com/photos/659514150/medium.jpg,,"",,3,0,false,2,"",38.3963765372,-28.547986038,4,,,,4,,,false,gps,gps,Caravela-portuguesa-do-Atlântico,Physalia physalis,Fragata portuguesa,Animalia,117302
361498788,2e7bb165-ad46-4dd8-8d7b-9a8b8345cf32,2026-05-14 13:22:09,2026-05-14,2026-05-14 13:22:09 UTC,Azores,5416279,alj210,Alyssa Jones,2026-05-14 18:57:39 UTC,2026-05-15 16:51:29 UTC,research,CC-BY-NC,https://www.inaturalist.org/observations/361498788,https://inaturalist-open-data.s3.amazonaws.com/photos/659736920/medium.jpg,,"",,2,0,false,843,"Ribeira Grande, Azores, PT",37.8155833333,-25.5515866667,3,,,,3,,,false,,,Portuguese Man o' War,Physalia physalis,Fragata portuguesa,Animalia,117302
361498824,35e57f80-39ad-4122-9d27-1be01d83ce8d,2026-05-14 13:23:16,2026-05-14,2026-05-14 13:23:16 UTC,Azores,5416279,alj210,Alyssa Jones,2026-05-14 18:57:49 UTC,2026-05-15 16:54:17 UTC,research,CC-BY-NC,https://www.inaturalist.org/observations/361498824,https://inaturalist-open-data.s3.amazonaws.com/photos/659737011/medium.jpg,,"",,2,0,false,843,"Ribeira Grande, Azores, PT",37.8156,-25.5516916667,3,,,,3,,,false,,,Portuguese Man o' War,Physalia physalis,Fragata portuguesa,Animalia,117302
361498947,4a89595e-38e9-4565-bee1-e7c7735042f7,2026-05-14 13:29:35,2026-05-14,2026-05-14 13:29:35 UTC,Azores,5416279,alj210,Alyssa Jones,2026-05-14 18:58:21 UTC,2026-05-15 16:55:10 UTC,research,CC-BY-NC,https://www.inaturalist.org/observations/361498947,https://inaturalist-open-data.s3.amazonaws.com/photos/659737317/medium.jpg,,"",,3,0,false,843,"Ribeira Grande, Azores, PT",37.8154833333,-25.5520116667,3,,,,3,,,false,,,Portuguese Man o' War,Physalia physalis,Fragata portuguesa,Animalia,117302
361514593,03f36041-0769-4872-96b5-785529dc45e0,2026-05-14 13:19:31,2026-05-14,2026-05-14 13:19:31 UTC,Azores,5416279,alj210,Alyssa Jones,2026-05-14 19:58:48 UTC,2026-05-15 16:56:16 UTC,research,CC-BY-NC,https://www.inaturalist.org/observations/361514593,https://inaturalist-open-data.s3.amazonaws.com/photos/659767226/medium.jpg,,"",,3,0,false,843,"Ribeira Grande, Azores, PT",37.815645,-25.5510166667,13,,,,13,,,false,,,Portuguese Man o' War,Physalia physalis,Fragata portuguesa,Animalia,117302
362785757,3622bd24-da9f-4e75-86d3-60eea5c7d121,2026-05-17 13:46:51,2026-05-17,2026-05-17 13:46:51 UTC,Azores,4400422,lauritzgreen,Lauritz Grønn,2026-05-18 16:30:08 UTC,2026-05-26 08:58:12 UTC,research,CC-BY-NC,https://www.inaturalist.org/observations/362785757,https://inaturalist-open-data.s3.amazonaws.com/photos/662168871/medium.jpg,,"",,2,0,false,843,"Ribeira Grande, Azores, PT",37.8162633333,-25.5495616667,7,,,,7,,,false,,,Portuguese Man o' War,Physalia physalis,Fragata portuguesa,Animalia,117302
363068890,b29d548d-0e32-4dfe-a5a5-910a46fd5ffb,2026-05-19 15:13:26Z,2026-05-19,2026-05-19 15:13:26 UTC,Azores,8165277,benus,,2026-05-19 15:13:36 UTC,2026-05-20 08:20:41 UTC,research,CC-BY-NC,https://www.inaturalist.org/observations/363068890,https://inaturalist-open-data.s3.amazonaws.com/photos/662714598/medium.jpg,,"","",2,0,false,3,"Ilha Terceira, Angra Do Heroísmo, Azoren, PT",38.6564354907,-27.2525909643,13,,,,13,,,false,,,Portugiesische Galeere,Physalia physalis,Fragata portuguesa,Animalia,117302
363068894,95525d81-cf26-4dd8-b31a-d738f4cf89f9,Tue May 19 2026 15:13:31 GMT +0000 (GMT),2026-05-19,2026-05-19 15:13:31 UTC,Azores,7950107,anoouk,Anouk Bicker,2026-05-19 15:13:37 UTC,2026-05-20 08:33:55 UTC,research,,https://www.inaturalist.org/observations/363068894,https://static.inaturalist.org/photos/662800591/medium.jpg,,"",,2,0,false,333,São Mateus da Calheta,38.6564559937,-27.2525863647,5,,,,5,,,false,,,Portugiesische Galeere,Physalia physalis,Fragata portuguesa,Animalia,117302
365131973,2539df1e-8eb4-4849-b5ac-0adb7b7f995c,2026-05-24 13:05:14,2026-05-24,2026-05-24 13:05:14 UTC,Azores,4421119,clem_longifolia,Clémence Massard,2026-05-25 18:19:43 UTC,2026-05-26 08:30:31 UTC,research,,https://www.inaturalist.org/observations/365131973,https://static.inaturalist.org/photos/666614161/medium.jpg,,"",,3,0,false,2,"São Roque - Praia Das Milícias, 9500 São Roque, Portugal",37.750393,-25.6309119722,,,,,,,,false,gps,gps,Portuguese Man o' War,Physalia physalis,Fragata portuguesa,Animalia,117302
365132404,cd837646-ffb5-4f48-b6e3-e8e21c8063ce,2026-05-24 13:08:45,2026-05-24,2026-05-24 13:08:45 UTC,Azores,4421119,clem_longifolia,Clémence Massard,2026-05-25 18:21:04 UTC,2026-05-29 15:09:00 UTC,research,,https://www.inaturalist.org/observations/365132404,https://static.inaturalist.org/photos/666615017/medium.jpg,,"",,4,0,false,2,"São Roque - Praia Das Milícias, 9500 São Roque, Portugal",37.750261,-25.6306639722,,,,,,,,false,gps,gps,Portuguese Man o' War,Physalia physalis,Fragata portuguesa,Animalia,117302
365972462,19fbf552-1b58-4ade-83a1-bd6d7f2f634f,2026-05-27 17:02:54,2026-05-27,2026-05-27 17:02:54 UTC,Azores,2424330,cmarkwilson,Mark Wilson,2026-05-28 07:35:16 UTC,2026-05-29 08:46:13 UTC,research,CC0,https://www.inaturalist.org/observations/365972462,https://inaturalist-open-data.s3.amazonaws.com/photos/668225331/medium.jpg,,"",,2,0,false,843,"Horta, Azores, PT",38.5245533333,-28.6256666667,6,,,,6,,,false,,,Portuguese Man o' War,Physalia physalis,Fragata portuguesa,Animalia,117302
366802223,4cad1018-fa34-4fdf-b8cf-852328515eb3,2026-05-24 09:09:42,2026-05-24,2026-05-24 09:09:42 UTC,Azores,2931720,coleiche,"",2026-05-30 21:02:24 UTC,2026-06-01 09:54:44 UTC,research,CC-BY-NC,https://www.inaturalist.org/observations/366802223,https://inaturalist-open-data.s3.amazonaws.com/photos/669791113/medium.jpg,,"",,2,0,false,2,"Fumarolas Lagoa das Furnas, São Miguel Island, 9675, Portugal",37.7083553597,-25.4348871857,757,,,,757,,,false,gps,gps,Portuguese Man o' War,Physalia physalis,Fragata portuguesa,Animalia,117302
368613778,ac6f4005-74e7-4e1e-a394-a9ef90910fa6,2026-06-04 20:17:08,2026-06-04,2026-06-04 20:17:08 UTC,Azores,5758818,hubsterpro,Hubert Stelmach,2026-06-05 12:36:55 UTC,2026-06-11 21:27:12 UTC,research,,https://www.inaturalist.org/observations/368613778,https://static.inaturalist.org/photos/673273840/medium.jpg,,"",,5,0,false,2,"São Roque - Barracuda, 9500 São Roque, Portugal",37.7505333333,-25.6238333333,,,,,,,,false,gps,gps,Portuguese Man o' War,Physalia physalis,Fragata portuguesa,Animalia,117302
368935069,dc9ae9c3-8a9b-42eb-ba2d-e6eea16ef3ed,2026-05-29 11:31:03-04:00,2026-05-29,2026-05-29 15:31:03 UTC,Azores,157371,kylealdinger,Kyle Aldinger,2026-06-06 12:51:25 UTC,2026-06-09 14:40:51 UTC,research,CC-BY-NC,https://www.inaturalist.org/observations/368935069,https://inaturalist-open-data.s3.amazonaws.com/photos/673879812/medium.jpg,,"","",3,0,false,3,"São Miguel Island, Lagoa, Azores, PT",37.7445683333,-25.59412,,,,,,,,false,,,Portuguese Man o' War,Physalia physalis,Fragata portuguesa,Animalia,117302
368938655,0f97a00b-3157-4579-9099-248e357a9cec,2026-05-29 09:28:04-04:00,2026-05-29,2026-05-29 13:28:04 UTC,Azores,157371,kylealdinger,Kyle Aldinger,2026-06-06 13:04:49 UTC,2026-06-09 23:04:05 UTC,research,CC-BY-NC,https://www.inaturalist.org/observations/368938655,https://inaturalist-open-data.s3.amazonaws.com/photos/673886352/medium.jpg,,"","",3,0,false,3,"São Miguel Island, Lagoa, Azores, PT",37.7443366667,-25.5944216667,,,,,,,,false,,,Portuguese Man o' War,Physalia physalis,Fragata portuguesa,Animalia,117302
368967016,a91d75d8-ce8e-4486-82c2-f6e7fbe5e142,2026-05-27 13:13:36-04:00,2026-05-27,2026-05-27 17:13:36 UTC,Azores,157371,kylealdinger,Kyle Aldinger,2026-06-06 14:39:56 UTC,2026-06-09 14:50:58 UTC,research,CC-BY-NC,https://www.inaturalist.org/observations/368967016,https://inaturalist-open-data.s3.amazonaws.com/photos/673937863/medium.jpg,,"","",3,0,false,3,"São Miguel Island, Lagoa, Azores, PT",37.74416,-25.593705,,,,,,,,false,,,Portuguese Man o' War,Physalia physalis,Fragata portuguesa,Animalia,117302
368967476,20027f55-cddf-4663-9f10-2c312b7829c0,2026-05-27 13:06:35-04:00,2026-05-27,2026-05-27 17:06:35 UTC,Azores,157371,kylealdinger,Kyle Aldinger,2026-06-06 14:41:20 UTC,2026-06-09 14:53:02 UTC,research,CC-BY-NC,https://www.inaturalist.org/observations/368967476,https://inaturalist-open-data.s3.amazonaws.com/photos/673938731/medium.jpg,,"","",3,0,false,3,"São Miguel Island, Lagoa, Azores, PT",37.7445033333,-25.594,,,,,,,,false,,,Portuguese Man o' War,Physalia physalis,Fragata portuguesa,Animalia,117302
368967515,df09558b-f7e1-44f9-96e6-79243f8f868d,2026-05-27 13:06:13-04:00,2026-05-27,2026-05-27 17:06:13 UTC,Azores,157371,kylealdinger,Kyle Aldinger,2026-06-06 14:41:28 UTC,2026-06-09 14:54:24 UTC,research,CC-BY-NC,https://www.inaturalist.org/observations/368967515,https://inaturalist-open-data.s3.amazonaws.com/photos/673938822/medium.jpg,,"","",3,0,false,3,"São Miguel Island, Lagoa, Azores, PT",37.7445166667,-25.5941683333,,,,,,,,false,,,Portuguese Man o' War,Physalia physalis,Fragata portuguesa,Animalia,117302
368968252,3c3ace9c-5154-4002-afab-d126990c52d2,2026-05-27 12:43:50-04:00,2026-05-27,2026-05-27 16:43:50 UTC,Azores,157371,kylealdinger,Kyle Aldinger,2026-06-06 14:43:39 UTC,2026-06-09 14:55:03 UTC,research,CC-BY-NC,https://www.inaturalist.org/observations/368968252,https://inaturalist-open-data.s3.amazonaws.com/photos/673940201/medium.jpg,,"","",4,0,false,3,"São Miguel Island, Lagoa, Azores, PT",37.7444433333,-25.5942383333,,,,,,,,false,,,Portuguese Man o' War,Physalia physalis,Fragata portuguesa,Animalia,117302
369248679,9749f030-8da7-4700-a686-21331c55e09b,2026-06-06 17:54:19Z,2026-06-06,2026-06-06 17:54:19 UTC,Azores,10436406,anaisbuilly,Anais Builly,2026-06-07 08:42:12 UTC,2026-06-09 15:01:25 UTC,research,CC-BY-NC,https://www.inaturalist.org/observations/369248679,https://inaturalist-open-data.s3.amazonaws.com/photos/674477135/medium.jpg,,"","",3,0,false,3,"Île de Faial, Horta, PT",38.5163239583,-28.6215606294,69,,,,69,,,false,,,Physalie,Physalia physalis,Fragata portuguesa,Animalia,117302
369341176,0d608092-5ca9-49f5-ad7a-88b275d1bfc0,2026-05-12 15:32:29,2026-05-12,2026-05-12 15:32:29 UTC,Azores,762895,joline,,2026-06-07 14:50:30 UTC,2026-06-09 15:05:59 UTC,research,,https://www.inaturalist.org/observations/369341176,https://static.inaturalist.org/photos/674646897/medium.jpg,,"",,3,0,false,843,"Rua da Areia, Ribeira Grande, Azores, PT",37.8226966667,-25.527545,3,,,,3,,,false,,,Portuguese Man o' War,Physalia physalis,Fragata portuguesa,Animalia,117302
369696531,baf75a24-0f58-452f-8857-6d106fc2e5e9,2026/04/17 10:19 AM,2026-04-17,2026-04-17 10:19:00 UTC,Azores,1106722,wjcrins,Bill Crins,2026-06-08 13:46:53 UTC,2026-06-09 15:17:04 UTC,research,CC-BY-NC,https://www.inaturalist.org/observations/369696531,https://inaturalist-open-data.s3.amazonaws.com/photos/675320891/medium.jpg,,"","",3,0,false,,"Azores--Pico Island, Lajes do Pico, offfshore",38.357469,-28.250621,831,,,,831,,,false,,,Portuguese Man o' War,Physalia physalis,Fragata portuguesa,Animalia,117302
370738000,ff7d26a3-39bc-4143-806c-348d819b26c8,2026/06/10 10:27 AM,2026-06-10,2026-06-10 10:27:00 UTC,Azores,4985013,mhincz,Michael and Antoni Hinczewski,2026-06-11 21:17:29 UTC,2026-06-12 10:36:25 UTC,research,CC-BY,https://www.inaturalist.org/observations/370738000,https://inaturalist-open-data.s3.amazonaws.com/photos/677311032/medium.jpg,,"","",3,0,false,,"Ponta Delgada, PT-AC, PT",37.7184333648,-25.6558904218,2526,,,,2526,,,false,,,Portuguese Man o' War,Physalia physalis,Fragata portuguesa,Animalia,117302
370746043,e82c1598-03f4-4eae-8ff3-329f03399a34,2026/06/10 11:34 AM,2026-06-10,2026-06-10 11:34:00 UTC,Azores,4985013,mhincz,Michael and Antoni Hinczewski,2026-06-11 21:50:03 UTC,2026-06-12 10:40:46 UTC,research,CC-BY,https://www.inaturalist.org/observations/370746043,https://inaturalist-open-data.s3.amazonaws.com/photos/677326192/medium.jpg,,"","",2,0,false,,"Ponta Delgada, Portugal",37.7247582198,-25.6566562036,2991,,,,2991,,,false,,,Portuguese Man o' War,Physalia physalis,Fragata portuguesa,Animalia,117302
371030364,20ffbfb4-9c50-42c0-9d21-40b756e3009e,2026/06/12 6:05 PM,2026-06-12,2026-06-12 18:05:00 UTC,Azores,4985013,mhincz,Michael and Antoni Hinczewski,2026-06-12 21:55:58 UTC,2026-06-15 10:02:59 UTC,research,CC-BY,https://www.inaturalist.org/observations/371030364,https://inaturalist-open-data.s3.amazonaws.com/photos/677876640/medium.jpg,,"",,2,0,false,,"Mosteiros, Portugal",37.8978861111,-25.8227055556,,,,,,,,false,,,Portuguese Man o' War,Physalia physalis,Fragata portuguesa,Animalia,117302
371402478,a45abb6d-ae11-4ad8-bee9-42e252954c14,2026-06-10 17:38:48,2026-06-10,2026-06-10 17:38:48 UTC,Azores,4421119,clem_longifolia,Clémence Massard,2026-06-13 22:51:45 UTC,2026-06-15 10:10:47 UTC,research,,https://www.inaturalist.org/observations/371402478,https://static.inaturalist.org/photos/678575477/medium.jpg,,"",,2,0,false,2,"Sé, Portugal",38.6516859722,-27.2224119722,,,,,,,,false,gps,gps,Portuguese Man o' War,Physalia physalis,Fragata portuguesa,Animalia,117302
371414856,faff58fb-397c-45cb-b5a9-5e897a717e19,2026-04-24 14:26:55,2026-04-24,2026-04-24 14:26:55 UTC,Azores,2052622,stuzi56,,2026-06-13 23:35:14 UTC,2026-06-15 10:17:46 UTC,research,CC-BY-NC,https://www.inaturalist.org/observations/371414856,https://inaturalist-open-data.s3.amazonaws.com/photos/678598260/medium.jpg,,"",,2,0,false,843,"Trilho Vinhas da Criação Velha, Madalena, Azores, PT",38.4960133333,-28.5391216667,4,,,,4,,,false,,,Portuguese Man o' War,Physalia physalis,Fragata portuguesa,Animalia,117302
371739981,0fde8146-1525-4207-8bca-354019c230b2,2026-05-20 17:42:27,2026-05-20,2026-05-20 17:42:27 UTC,Azores,10668900,gav_woodbridge,Gavin Woodbridge,2026-06-14 20:32:44 UTC,2026-06-16 18:08:25 UTC,research,CC-BY-NC,https://www.inaturalist.org/observations/371739981,https://inaturalist-open-data.s3.amazonaws.com/photos/679276041/medium.jpg,,"",At least 10 washed up in bay and many more being washed in,3,0,false,2,"Angústias, 9900, Portugal",38.5249398997,-28.6257441997,,,,,,,,false,gps,gps,Portuguese Man o' War,Physalia physalis,Fragata portuguesa,Animalia,117302
373713577,813973ac-7803-4623-b213-3b213b25af7d,2026/06/20 4:30 PM,2026-06-20,2026-06-20 16:30:00 UTC,Azores,6962246,bantumit,Alexandre Oliveira,2026-06-20 21:32:23 UTC,2026-06-23 18:40:16 UTC,research,CC-BY-NC,https://www.inaturalist.org/observations/373713577,https://inaturalist-open-data.s3.amazonaws.com/photos/682997035/medium.jpg,,"",More than 10 found on the sand and the sea.,3,0,false,,"Praia do Fogo, EN2-2A 24, 9675 Ribeira Quente, Portugal",37.7297046683,-25.3093925756,118,,,,118,,,false,,,Caravela-portuguesa-do-Atlântico,Physalia physalis,Fragata portuguesa,Animalia,117302
374346343,cf017e87-ce3e-4cd7-9f7e-c4c42da906d8,2026-06-22 16:05:23,2026-06-22,2026-06-22 16:05:23 UTC,Azores,819193,lorenzopasquali,Lorenzo Pasquali,2026-06-22 17:04:03 UTC,2026-06-23 09:14:24 UTC,research,CC-BY-NC,https://www.inaturalist.org/observations/374346343,https://inaturalist-open-data.s3.amazonaws.com/photos/684221622/medium.jpg,,"",,2,0,false,2,Portogallo,39.3742290197,-31.2071816996,12,,,,12,,,false,gps,gps,caravella portoghese,Physalia physalis,Fragata portuguesa,Animalia,117302
375009685,3a625127-6f7e-4da7-a022-13a6d530a494,2026-06-24 19:40:56,2026-06-24,2026-06-24 19:40:56 UTC,Azores,4983033,coraline973,"",2026-06-24 19:41:38 UTC,2026-06-25 10:30:57 UTC,research,CC-BY-NC,https://www.inaturalist.org/observations/375009685,https://inaturalist-open-data.s3.amazonaws.com/photos/685504254/medium.jpg,,"",,3,0,false,2,"Lajes das Flores, PT-AC, PT",39.4535388889,-31.2657333333,,,,,,,,false,gps,gps,Physalie,Physalia physalis,Fragata portuguesa,Animalia,117302
375684139,a96d68f4-1e2b-4382-9a96-b40cb7c9fe78,2026-06-24 18:55:53,2026-06-24,2026-06-24 18:55:53 UTC,Azores,4421119,clem_longifolia,Clémence Massard,2026-06-27 00:43:55 UTC,2026-07-02 17:12:42 UTC,research,,https://www.inaturalist.org/observations/375684139,https://static.inaturalist.org/photos/686825965/medium.jpg,,"",,2,0,false,2,"Fajã Grande, Portugal",39.453507,-31.2667789722,,,,,,,,false,gps,gps,Portuguese Man o' War,Physalia physalis,Fragata portuguesa,Animalia,117302
376150126,48dbda7e-d843-4492-8404-a56bf867feea,2026-06-28 11:28:05,2026-06-28,2026-06-28 11:28:05 UTC,Azores,10144804,jared-,Jared Halbrook,2026-06-28 11:34:51 UTC,2026-07-02 17:20:25 UTC,research,CC-BY-NC,https://www.inaturalist.org/observations/376150126,https://inaturalist-open-data.s3.amazonaws.com/photos/687725998/medium.jpg,,"",,3,0,false,843,"Segundo Beco da Rua das Areias, Ponta Delgada, Azores, PT",37.889045,-25.8252166667,2,,,,2,,,false,,,Portuguese Man o' War,Physalia physalis,Fragata portuguesa,Animalia,117302
376570932,a959660f-6820-4821-8a98-f97f4791f52f,2026-06-29 15:48:28,2026-06-29,2026-06-29 15:48:28 UTC,Azores,7487246,k0sm0,Augustin,2026-06-29 15:51:26 UTC,2026-07-02 17:30:22 UTC,research,CC-BY-NC,https://www.inaturalist.org/observations/376570932,https://inaturalist-open-data.s3.amazonaws.com/photos/688531559/medium.jpg,,"",,1,0,false,2,Portugal,37.7063905997,-25.4457145,,,,,,,,false,gps,gps,Physalie,Physalia physalis,Fragata portuguesa,Animalia,117302
377064540,4ba4cffa-b720-4e1e-9944-a0ece18fbeaa,2025-05-23 02:16:18,2025-05-23,2025-05-23 02:16:18 UTC,Azores,10711899,mat_jul,,2026-07-01 05:57:00 UTC,2026-07-04 08:34:08 UTC,research,CC-BY-NC,https://www.inaturalist.org/observations/377064540,https://inaturalist-open-data.s3.amazonaws.com/photos/689491011/medium.jpg,,"",,4,0,false,843,"Ribeira Grande, PT-AC, PT",37.816374753,-25.5505126167,167,,,,167,,,false,,,,Physalia physalis,Fragata portuguesa,Animalia,117302
377219753,86c88821-2ee9-4746-a88a-411ff0296607,2026/05/24 10:09 AM,2026-05-24,2026-05-24 10:09:00 UTC,Azores,3222167,mxn1701,"",2026-07-01 18:41:43 UTC,2026-07-02 19:01:31 UTC,research,CC-BY-NC,https://www.inaturalist.org/observations/377219753,https://inaturalist-open-data.s3.amazonaws.com/photos/689779846/medium.jpg,,"","",2,0,false,,"Vila Franca do Campo, PT-AC, PT",37.70350417,-25.4627487181,1015,,,,1015,,,false,,,Portuguese Man o' War,Physalia physalis,Fragata portuguesa,Animalia,117302
377319826,e7f74a17-dd22-4f56-a25d-436f7b04aa34,2026-05-27 16:49:28-04:00,2026-05-27,2026-05-27 20:49:28 UTC,Azores,8510721,katieeatsants,"",2026-07-02 01:56:58 UTC,2026-07-04 12:40:00 UTC,research,CC-BY-NC,https://www.inaturalist.org/observations/377319826,https://inaturalist-open-data.s3.amazonaws.com/photos/689981141/medium.jpg,,"","",4,0,false,3,"São Miguel Island, Lagoa, Azores, PT",37.74442,-25.5942083333,3,,,,3,,,false,,,Portuguese Man o' War,Physalia physalis,Fragata portuguesa,Animalia,117302
377704694,11db5a0a-11d0-4a3f-a7fe-a9bbae91825a,2026/06/21 18:58,2026-06-21,2026-06-21 18:58:00 UTC,Azores,3917960,giulio_piras,Giulio Piras,2026-07-03 11:56:04 UTC,2026-07-07 10:27:18 UTC,research,,https://www.inaturalist.org/observations/377704694,https://static.inaturalist.org/photos/690727363/medium.jpg,,"",,2,0,false,,"São Roque do Pico, Portogallo",38.6630668276,-28.6322885258,1953,,,,1953,,,false,,,caravella portoghese,Physalia physalis,Fragata portuguesa,Animalia,117302
377814289,9b7cac57-05d0-489a-9b3f-f3cc68fa5e17,2023-07-06 14:43:55,2023-07-06,2023-07-06 14:43:55 UTC,Azores,7455130,albuca_concordiana,,2026-07-03 18:52:14 UTC,2026-07-07 10:31:37 UTC,research,CC-BY-NC,https://www.inaturalist.org/observations/377814289,https://inaturalist-open-data.s3.amazonaws.com/photos/690936618/medium.jpg,,"",,3,0,false,843,"Rua do Cemitério, Ponta Delgada, Azores, PT",37.8885366667,-25.8243616667,4,,,,4,,,false,,,Portuguese Man o' War,Physalia physalis,Fragata portuguesa,Animalia,117302
378584034,6f63cbf0-0299-4fd9-bb37-70d21f679b99,2026/07/05 3:27 PM,2026-07-05,2026-07-05 15:27:00 UTC,Azores,8815648,tunicatedreamz,,2026-07-05 23:23:53 UTC,2026-07-07 16:12:01 UTC,research,CC-BY,https://www.inaturalist.org/observations/378584034,https://inaturalist-open-data.s3.amazonaws.com/photos/692407368/medium.jpg,,"","",2,0,false,,"Ribeirinha, Pico",38.4470754139,-28.0786158295,68,,,,68,,,false,,,Portuguese Man o' War,Physalia physalis,Fragata portuguesa,Animalia,117302
378594194,19adf909-cfe3-4b9d-84a7-1a0a10b73344,2026-07-03 20:21:31,2026-07-03,2026-07-03 20:21:31 UTC,Azores,4421119,clem_longifolia,Clémence Massard,2026-07-06 00:02:20 UTC,2026-07-07 16:19:46 UTC,research,,https://www.inaturalist.org/observations/378594194,https://static.inaturalist.org/photos/692436748/medium.jpg,,"",,1,0,false,2,Portugal,38.607388,-28.0356379722,,,,,,,,false,gps,gps,Portuguese Man o' War,Physalia physalis,Fragata portuguesa,Animalia,117302
379079955,9e5f18d8-80bc-4c03-84d8-a2f3810bb5dd,2026-07-07 13:12:51,2026-07-07,2026-07-07 13:12:51 UTC,Azores,8598967,leandro_b_m,Leandro Melo,2026-07-07 14:37:40 UTC,2026-07-07 16:00:21 UTC,research,,https://www.inaturalist.org/observations/379079955,https://static.inaturalist.org/photos/693379327/medium.jpg,,"",,1,0,false,2,"9625 Maia, Portugal",37.8337478611,-25.3868179167,,,,,,,,false,gps,gps,Portuguese Man o' War,Physalia physalis,Fragata portuguesa,Animalia,117302
